Subpartida;Descripción;Resolución;Fecha Publicación;
3918.90.10.00;LIMONTA SPORT. ROLLOS DE 40X4 METROS. REVESTIMIENTO DE SUELO-CANCHAS DEPORTIVAS; R-000001-2009;8/01/2009;
3105.90.90.00;"""AMIORGAN"". BOLSA DE POLIETILENO 25 KILOS. FERTILIZANTE DE USO AGRICOLA"; R-000001-2011;14/01/2011;
1518.00.90.00;RESIDUO GRASO, ACEITE VEGETAL RECICLADO, ACEITE PARDO. A GRANEL. INDUSTRIAL; R-000001-2013;15/01/2013;
3104.30.00.00;SULFATO DE POTASIO SOLUBLE. SE PRESENTA EN SACOS DE 25 KG.. EN AGRICULTURA; R-000001-2016;22/01/2016;
6602.00.00.00;BASTON DE ALUMINIO DE 3 PATAS, MARCA ELDCARE, MODELO: CQC03. UNIDADES. SE SEÑALA QUE ES DE USO MÉDICO, ORTOPÉDICO; R-000001-2017;8/08/2017;
3824.99.99.99;WARM PAD. EN BOLSA CONTENIENDO 02 PIEZAS ADHESIVAS. ALMOHADILLAS CALENTADORAS UTILIZADAS EN LA ROPA; R-000001-2018;5/01/2018;
3004.20.19.00;TOBRAXONA. FRASCOS DE 5ML. TRATANIENTO DE INFLAMACION OCULAR Y TRATAMIENTO SUPERFICIAL DE INFECCIONES OCULARES; R-000001-2020;16/01/2020;
3808.92.99.00;COVERT. ENVASES DE 20 LITROS. AGRICULTURA; R-000001-2021;7/01/2021;
2106.90.90.00;HAMBURGUESA VEGANA CONGELADA. UNIDAD (120 GRS) Y 4 UNIDADES (480 GRS) EN BOLSAS DE CARTÓN BIODEGRADABLE. PARA CONSUMO HUMANO; R-000001-2022;31/01/2022;
3208.20.00.00;NOROO HIQ CLEARCOAT TC-5800 HS BARNIZ. LATA 4 LITROS. BARNIZ PARA CAPAS SUPERIORES EN ACABADOS DE SUPERFICIES, USO GRAL REACABADO DE AUTOMOVILES; R-000001-2024;3/01/2024;
3302.10.90.00;EMULSION COLA BA-8276-78. LÍQUIDO. EN LA ELABORACIÓN DE ALIMENTOS PARA CONSUMO HUMANO.; R-000002-2006;9/01/2006;
9405.40.10.00;LUMINARIA DE ILUMINACION VIAL (ALUMBRADO PUBLICO) MARCA KROS MODELO FS22020. UNIDAD. ALUMBRADO PUBLICO; R-000002-2009;14/01/2009;
3906.90.90.00;KANE ACE FM-41 ACRYLIC IMPACT MODIFIER. BOLSAS DE 50 LIBRAS. PARA MEJORAR PROPIEDADES DE IMPACTO DE FORMULACIONES RIGIDAS DE VINILO; R-000002-2011;24/01/2011;
2833.40.90.00;SHOCK. FRASCO PLASTICO DE 950G. AGENTE ANTIOXIDANTE, DESTRUYE DESECHOS ORGANICOS; R-000002-2013;15/01/2013;
3210.00.90.00;OPADRY II 85F14400 PINK. POLVO. INSUMO INDUSTRIA FARMACEUTICA PARA RECUBRIR TABLETA, EVITAR SABOR NATURAL Y MANTENER SECO; R-000002-2014;15/01/2014;
3101.90.00.00;AMINOÁCIDOS EN POLVO. SE PRESENTA EN ENVASES DE 20 KG. AGRÍCOLA - MODIFICADO POR RJD 107-2015 , SPN CONSIDERANDOS Y PARTE RESOLUTIVA; R-000002-2015;23/01/2015;
3105.10.00.00;AMINOACIDOS EN POLVO. ENVASES DE 10 KG. AGRICOLA; R-000002-2015;17/02/2015;
3907.30.10.00;SWANCOR CHEMPULSE 901. TAMBORES 250 KG. RESINA PARA SISTEMA DE MEDIANA EXIGENCIA MECÁNICA QUIMICA; R-000002-2016;14/01/2016;
9018.90.90.00;"""MARTILLO PERCUSIÓN MODELO BUCK"", CÓDIGO 1-350, MARCA ROTTMANN STAINLESS STEEL. UNIDADES.. DETERMINACIÓN DE SENSIBILIDAD DE PIEL, NERVIOS Y EXAMINAR REFLEJOS."; R-000002-2017;9/01/2017;
4819.20.00.00;"""ENVASE PARA ALIMENTOS"" CONTENEDOR CHIFA 1 KG BIOFORM. ENVASES PARA ALIMENTOS. ENVASE PARA ALIMENTOS"; R-000002-2020;30/01/2020;
3824.99.99.99;RAYBO 60 NORUST. LIQUIDO TRANSPARENTE COLOR PAJIZO EN GALON DE 9.3 LIBRAS. ANTICORROSIVO A BSE DE AGUA EN REVESTIMIENTOS, INHIBIDOR DE CORROSION PARA LATAS SIN FORRO; R-000002-2021;6/01/2021;
8474.31.10.00;AUTOHORMIGONERA AUTOCARGANTE. MARCA DAVINO, MODELO REVOLUTION R30. UNIDAD. AUTOHORMIGONERA AUTOCARGANTE.; R-000002-2022;5/01/2022;
3924.90.00.00;CANASTA TAVARUA MODELO RATAN. UNIDAD. DOMESTICO; R-000002-2024;23/01/2024;
9405.40.10.00;LUMINARIA DE ILUMINACION VIAL (ALUMBRADO PUBLICO) MODELO LU4. UNIDAD. ALUMBRADO DE VIAS PUBLICAS; R-000003-2009;8/01/2009;
2208.90.90.00;AGUA DE LOS 7 ESPIRITUS. FRASCO. MEDICAMENTO HOMEOPATICO; R-000003-2011;24/01/2011;
3105.40.00.00;FOSFATO MONOAMONICO. BOLSAS DE 25 KG. FORMULACIONES PARA USO AGRICOLA; R-000003-2013;15/01/2013;
3210.00.90.00;"OPADRY YS-1-17040 BEIGE. POLVO. INDUSTRIA FARMACEUTICA PARA RECUBRIR TABLETAS; EVITAR EL SABOR NATURAL Y MANTENERLO SECO"; R-000003-2014;14/01/2014;
3101.00.90.00;FITO SPEEDY 500 PS. CAJA DE 12 KG. AGRICULTURA; R-000003-2015;15/01/2015;
9018.49.90.00;"""ALICATES ODONTOLÓGICOS-YOUNG"", CÓDIGO 2830, MARCA HOFFMANN STAINLESS STEEL. UNIDADES.. INSTRUMENTO DE USO ODONTOLÓGICO."; R-000003-2017;9/01/2017;
2103.90.90.00;SALSA DE PIMIENTO PICADO (CRUSHED). ENVASADOS. PARA LA PREPARACIÓN DE DIVERSOS PLATOS.; R-000003-2019;3/01/2019;
6505.00.90.00;GORRO MARCA ADIDAS. UNIDAD. CUBRIR LA CABEZA; R-000003-2020;16/01/2020;
8474.31.90.00;AUTOHORMIGONERA AUTOCARGANTE. MARCA DAVINO, MODELO R40. UNIDAD. AUTOHORMIGONERA AUTOCARGANTE; R-000003-2022;5/01/2022;
7602.00.00.00;ZORBA - CHATARRA NO FERROSA. ENVASE. DESPERDICIO; R-000003-2024;5/01/2024;
8481.80.40.00;LLAVE DE AIRE 3/4. UNIDADES. CONTROL ENTRADA O SALIDA LÍQUIDOS; R-000004-2006;18/01/2006;
9405.40.90.00;FARO INDUSTRIAL PR22020. UNIDAD. ALUMBRADO DE AREAS LIBRES Y TECHADAS; R-000004-2009;14/01/2009;
3101.00.10.00;PSG-PLANT FOOD 100% ORGANIC. SACOS. ABONO; R-000004-2011;24/01/2011;
2842.90.90.00;CROMATO DE ZINC. SACOS DE 25 KG. INDUSTRIAL; R-000004-2013;15/01/2013;
3902.20.00.00;11016110 POISOLANE. LIQUIDO VISCOSO, INCOLORO, CLARO Y TRANSLUCIDO.. INDUSTRIA COSMÉTICA, AGENTE ACONDICIONADOR EMOLIENTE.; R-000004-2014;14/01/2014;
3101.00.90.00;BIOBLENDNEW LIQUIDO. BIDON DE 20 LITROS Y CILINDRO DE 200 LITROS. AGRÍCOLA; R-000004-2015;15/01/2015;
6403.99.90.00;ZAPATILLA MARCA REFF.. PAR. HOMBRES - CONFIRMADA CON RTF N° 10120-A-2018; R-000004-2016;8/01/2016;
2530.90.00.90;PANGEL S9. EN FORMA DE POLVO. INDUSTRIAL, SUSPENSIONANTE PARA ADITIVOS LÍQUIDOS, LÁMINAS ASFALTICAS, CECUBRIMIENTOS DE F; R-000004-2018;16/01/2018;
8415.10.10.00;EQUIPO DE AIRE ACONDICIONADO, MARCA MIRAY, MODELO: MASI-2409MA. UNIDAD. PARA ACONDICIONAMIENTO DE AIRE; R-000004-2019;7/01/2019;
8471.41.00.00;PANTALLA INTERACTIVA BIG PAD MARCA SHARP, MODELO 65TH1. UNIDAD. COMO PANTALLA INTERACTIVA, DISEÑADA PARA SESIONES DE FORMACIÓN Y REUNIONES INTERACTIVAS; R-000004-2020;16/01/2020;
3203.00.15.00;TECXAFIL 60 PRO BLS TRLM CON VALVULA X 25 KG. BOLSA X 25 KG. PIGMENTACIÓN DE LA PIEL DE POLLO Y DE LA YEMA DE HUEVO; R-000004-2021;7/01/2021;
8436.80.90.00;MAQUINA CHIPEADORA REMOLCABLE. MARCA ECONOVO, MODELO ECOC120. UNIDAD. PARA REDUCIR RÁPIDAMENTE EL VOLUMEN DE DESECHOS FORESTALES, HOJAS, RAMAS; R-000004-2022;5/01/2022;
8523.51.00.00;ADAPTADOR SSD ADATA EC700G. UNIDADES. PARA CONECTAR UN SSD A EQUIPOS DE CÓMPUTO O CONSOLAS DE JUEGO.; R-000004-2023;4/01/2023;
6115.96.00.00;MEDIAS ANTIDESLIZANTES. PAR. CALCETIN; R-000004-2024;5/01/2024;
8471.80.00.00;CISCO AIRONET 1200. UNIDADES. INTERCONEXIÓN INALAMBRICA; R-000005-2006;18/01/2006;
3809.91.00.00;SARABID DLO CONC. LIQUIDO. AGENTE AUXILIAR DE TEJIDO, AYUDA AL TEÑIDO; R-000005-2009;8/01/2009;
2917.19.90.00;ESTEARIL FUMARATO (PRUV). POLVO. EN LA INDUSTRIA FARMACEUTICA; R-000005-2011;24/01/2011;
1302.19.20.00;LECHE DE SOYA EN POLVO. BOLSA DE PAPEL KRAFT DE 25KG. INDUSTRIA ALIMENTARIA; R-000005-2013;15/01/2013;
3906.10.00.00;11012120 SOFTBEAD. SÓLIDO EN POLVO FINO DE COLOR BLANCO, OPACO.. INDUSTRIA COSMÉTICA, COMO AGENTE DE TEXTURA, PARA LA ELABORACION DE COSMETICOS; R-000005-2014;14/01/2014;
3101.00.90.00;EXTRACTO DE ALGAS MARINAS - SEAWEED. CAJAS DE 10 Y 20 KG. AGRICULTURA; R-000005-2015;15/01/2015;
4202.92.00.00;NEVERA-3303 (USO PUBLICITARIO). UNIDAD. BOLSO; R-000005-2016;8/01/2016;
9619.00.90.00;HUGGIES PULL-UPS TRAINING PANTS. MODIFICADA POR R.D. 2018-903. SPN 9619009000, Y STICKERS SPN 4911990000 / UNIDADES. COMO ABSORVENTE HIGIENICO PARA EL CUIDADO DE LA PIEL DE LOS BEBES Y NIÑOS PEQUEÑOS; R-000005-2018;16/01/2018;
4911.99.00.00;STICKERS. LÁMINAS DE PAPEL AUTOADHESIVO, IMPRESO CON FIGURAS DE ANIMALES. STICKERS PARA PAÑALES; R-000005-2018;19/11/2018;
3305.90.00.00;RESOLUCIÓN ANTICIPADA - MASCARILLA CAPILAR DE REPARACIÓN INTENSA - ROYAL HONEY & MELON. EN ENVASES DE DIFERENTES CAPACIDADES, ENTRE 10 ML HASTA 1200 ML.. COMO PRODUCTO COSMÉTICO; R-000005-2019;7/01/2019;
4821.10.00.00;BANDEROLA 683 MM. BOBINAS DE 25 KG. PARA CUBRIR CUERPO DEL VASO DE YOGURTH; R-000005-2020;16/01/2020;
3402.90.99.00;POWER PRESOAK LOW PH. BIDONES DE 15 GALONES. DETERGENTE PARA LAVADO DE AUTOMOVILES; R-000005-2021;7/01/2021;
8704.31.10.90;TRIMOTO CARGA ZONGSHEN ZS300CM. DESARMADO. TRIMOTO DE CARGA; R-000005-2022;5/01/2022;
3909.31.00.00;WANNATE 8122. A GRANEL. EN LA PRODUCCIÓN DE ESPUMA DE POLIURETANO DEL CURADO EN FRÍO PARA MUEBLES.; R-000005-2023;31/01/2023;
2309.10.90.00;YAMIZ FILETITO SABOR TOCINO AHUMADO. ENVASE. CONSUMO ANIMAL; R-000005-2024;5/01/2024;
3906.90.90.00;UKOPRINT 35 . TAMBORES . PIGMENTADO DE PRENDAS DE VESTIR; R-000006-2006;9/01/2006;
4902.90.00.00;COMMUNICATION ARTS. UNIDADES. REVISTA PUBLICACIÓN PERIODICA; R-000006-2007;9/01/2007;
6404.19.00.00;CALZADO PARA NIÑO, MARCA MERRELL, MODELO 13097Y. PAR. CASUAL; R-000006-2009;14/01/2009;
2931.00.99.00;ALENDRONATO MONOSODICO TRIHIDRATADO. POLVO. INDUSTRIA FARMACEUTICA; R-000006-2011;24/01/2011;
3204.17.00.00;ANTI-YELLOW REMAP 00090. LIQUIDO. INDUSTRIA PLASTICA; R-000006-2013;15/01/2013;
6402.99.90.00;"""CALZADO CASUAL"", ESTILO: F1537P16304. PARES.. CALZADO CASUAL, PARA DAMA."; R-000006-2015;15/01/2015;
3926.90.90.90;ARTICULO PARA PEDICURA. UNIDAD. PEDICURA; R-000006-2016;8/01/2016;
3407.00.20.00;SPEEDEX TRIAL KIT/MATERIALES PARA IMPRESIÓN DENTAL DE GOMA DE SILICONA. JUEGOS. ODONTOLOGÍA, COMO MATERIAL PARA LA TOMA DE IMPRESIONES DENTALES; R-000006-2017;26/01/2017;
3814.00.90.00;CONAP S-1. EN BIDONES DE 5 GALONES. PARA DILUCIÓN Y LIMPIEZA; R-000006-2018;16/01/2018;
3923.29.90.00;BOLSA DE SILICONA PARA ALIMENTOS. EN BOLSA DE POLIETILENO/CAJA DE PAPEL/ CAJA DE PVC. BOLSA DE SANDWICH DE SILICONA A PRUEBA DE FUGAS; R-000006-2020;16/01/2020;
8474.31.90.00;AUTOHORMIGONERA AUTOCARGANTE. MARCA DAVINO, MODELO RUNNER 560.2. MÁQUINA. HORMIGONERA; R-000006-2022;6/01/2022;
9609.90.00.00;SET DE ARTE 145 PIEZAS. EN UN ESTUCHE DE ALUMINIO. UTILIZADO EN EDUCACIÓN ARTÍSTICA EN PINTURA; R-000006-2023;31/01/2023;
3307.90.90.00;SHAMPOO RICOCAN ANTIPULGAS CON COLAGENO. ENVASE. VETERINARIO; R-000006-2024;5/01/2024;
8483.90.40.00;PLATO SINCRONIZADOR 1° Y 2° CAJA DE CAMBIO. COMO UN ELEMENTO MECÁNICO DE METAL COMÚN. EN EL SISTEMA DE TRASMISIÓN DEL MOTOR, PRESENTADO AISLADAMENTE; R-000007-2006;9/01/2006;
3402.13.10.00;PROSORB EO 80. TAMBORES DE 200 KILOS. EMULSIFICANTE, SOLUBILISANTE DE ACEITES Y FRAGANCIAS, AGENTE HUMECTANTE, DISPERSANTE; R-000007-2007;9/01/2007;
6403.99.90.00;CALZADO PARA NIÑA, MARCA MERRELL, MODELO 40110. PAR. CALZADO DE VESTIR; R-000007-2009;14/01/2009;
3105.90.90.00;HEROFOL DENSO NPK 1+20+30 MICRO. ENVASE. AGRICOLA; R-000007-2011;24/01/2011;
3922.20.00.00;IZEN 7000. UNIDAD. EN DUCHA Y LIMPIEZA DE HIGIENE PERSONAL; R-000007-2013;15/01/2013;
2508.40.00.00;AZOMITE MINERALES. GRANEL. AGRICOLA; R-000007-2014;22/01/2014;
8704.31.10.10;MINITRUCK CABINA SIMPLE - CHANGHE - CH1020LE. UNIDAD. VEHICULO DE CARGA/ CONFIRMADA CON RTF N° 00494-A-2018; R-000007-2015;15/01/2015;
3402.90.99.00;LIMPIADOR MULTIUSO. BIDON. LAVAVAJILLAS MANUAL; R-000007-2016;22/01/2016;
3824.99.99.99;ANTIFOAM P-4000 IX. EN FORMA LÍQUIDA, EN TAMBORES METÁLICOS DE 180, 210 KG Y OTROS. COMO ANTIESPUMANTE EN LOS PROCESOS MINEROS.; R-000007-2018;16/01/2018;
3824.99.99.99;CONCENTRADO DE PLATA. A GRANEL EN LINIERS EN CONTENEDORES.. INDUSTRIA METALÚRGICA; R-000007-2019;7/01/2019;
8531.80.00.00;ITAG LLAVERO BLUETOOTH. UNIDAD. LOCALIZADOR; R-000007-2020;16/01/2020;
2202.10.00.00;SMOOTHIE DE FRESA Y BANANO. ENVASE CONTENIENDO 1.4 LITRO CON TAPA PLASTICA ENRROSCABLE. BEBIDA LISTA PARA CONSUMO INMEDIATO; R-000007-2021;7/01/2021;
3926.90.90.90;TEJALUZ. EN ROLLOS. CUBIERTA PARA TECHOS; R-000007-2022;12/01/2022;
2106.90.73.00;PREMIX VIT MIN + D3. EN BOLSAS DE 25 KILOS. FORTIFICAR Y REFORZAR MICRONUTRIENTES EN EL PRODUCTO FINAL; R-000007-2023;31/01/2023;
8479.89.90.00;TAPÓN PUENTE, MARCA SILVER FOX, MODELO SBX. UNIDAD EN CAJA DE MADERA. AISLAR UNA ZONA INFERIOR EN POZO DE PETROLEO O GAS; R-000007-2024;5/01/2024;
1901.90.90.00;MANJAR DE LECHE MODELO PASTELERO. EN BOLSA HERMETICA. ALIMENTACIÓN HUMANA COMO POSTRE, DULCE; R-000008-2006;9/01/2006;
3921.90.00.90;LEDERVIN BUFALO CON MANTA PVC. SE PRESENTA EN ROLLOS. SE UTILIZA EN MARROQUINERÍA; R-000008-2007;9/01/2007;
8443.99.00.00;CARTUCHO DE TINTA CLI-8PC. CAJA DE CARTON. EN IMPRESORAS CANON; R-000008-2008;8/01/2009;
2309.90.90.00;"""SAFMANNAN"". SACOS DE 25 KILOS- POLVO. CONTRA LA ADHESIONDE BACTERIAS PATOGENAS, PARA ANIMALES.."; R-000008-2010;15/01/2010;
2106.90.79.00;L-ARGININE 500MG CAPSULAS. FRASCO. SUPLEMENTO NUTRICIONAL; R-000008-2011;24/01/2011;
8481.80.99.00;REGISTRO RAMAL SUPER CG (VALVULA PARA ESTUFA/COCINA). EN CAJAS DE CARTON. PARA MONTARSE EN COCINAS A GAS; R-000008-2013;15/01/2013;
8703.22.90.20;COOLCAR AE+PLUS -CH7140. UNIDAD. VEHICULO TRANSPORTE DE PERSONAS; R-000008-2015;15/01/2015;
3105.90.90.00;CALCIUM. ENVASES DE 9.46 LITROS, 18.93 LITROS Y 1040 LITROS. AGRICULTURA; R-000008-2016;22/01/2016;
8529.10.90.00;ANTENA INTERIOR PARA TV, MARCA MIRAY, MODELO AI-M1. UNIDAD. ANTENA PARA TV DIGITAL; R-000008-2019;7/01/2019;
5515.12.00.00;TEJIDO 100% POLIESTER ESTAMPADO (1001). ROLLOS 50 - 60 MTS. CONFECCIONES TEXTILES; R-000008-2020;16/01/2020;
3808.94.99.00;MONICOL GOLD - ANTIBIOTICO PARA FERMENTACION ALCOHOLICA. SOBRES DE 200 GRAMOS. CONTROL DE LAS BACTERIAS CONTAMINANTES DE LOS PROCESOS DE FERMENTACION ALCOHOLICA; R-000008-2021;7/01/2021;
2530.90.00.90;SUELO LIMO GRAVOSOS CON ARENA. TUBOS DE FIERRO DE 3 PULGADAS DE DIAMETRO POR 1 METRO DE LONGITUD. PARA LA REALIZACIÓN DE ENSAYO CON FINES DE CIMENTACIÓN (EDIFICACIÓN); R-000008-2023;16/01/2023;
9405.31.00.00;GUIRNALDA ELECTRICA DECORATIVA. UNIDAD. DECORACION; R-000008-2024;5/01/2024;
2835.39.90.00;TETRAKALIUMPYROPHOSPHAT. BOLSAS DE POLIETILENO. AGENTE AUXILIAR EN LA INDUSTRIA TEXTIL; R-000009-2006;9/01/2006;
7607.20.00.00;CINTA DE ALUMINIO 337/335. ROLLOS. CINTA ADHESIVA PARA EL SELLADO DE DUCTOS Y TRASLAPOS EN LOS SIST. DE AIRE ACONDICIONADO; R-000009-2007;9/01/2007;
9021.90.00.00;CATETER CARDIACO/PERITONEAL, MODELO 43103. EMPAQUE INDIVIDUAL ESTÉRIL, TERMOPLÁSTICO, DE POLIETILENO DE BAJA DENSIDAD Y PAPEL GRADO M. TRATAMIENTO DE HIDROCEFALIA CONGÉNITA; R-000009-2009;8/01/2009;
9602.00.10.00;CAPSULAS 0 ESCARLATA 18-33 AMARILLO 19-1. A GRANEL - CAPSULAS VACIAS. INDUSTRIA FARMACEUTICA; R-000009-2011;24/01/2011;
3922.20.00.00;IZEN 3000. UNIDADES EN CAJAS DE CARTÓN. SISTEMA DE HIGIENE PERSONLA; R-000009-2013;15/01/2013;
4802.56.90.00;PAPEL BOND DE 75G TAMAÑO A4. HOJAS SUELTAS CON SU RESPECTIVO EMPAQUE CONTENIENDO 500 UNIDADES. IMPRESION E INDUSTRIA GRÁFICA U OTROS FINES.; R-000009-2014;14/01/2014;
8702.90.91.10;FREEDOM 11 ASIENTOS MICROBUS - CH6430T2. UNIDAD. VEHICULO TRANSPORTE DE PERSONAS; R-000009-2015;15/01/2015;
2918.11.90.00;PURASAL POWDER S 98. BIDONES DE 65KG, 25KG.. INDUSTRIA ALIMENTARIA: PRESERVANTE; R-000009-2017;6/01/2017;
3004.90.29.00;AZAFRINE 50MG. EN CAJAS DE 100 TABLETAS EN FOLIO DE PET/PE/AL/PE.. COMO METABOLITO INMUNOSUPRESOR; R-000009-2018;16/01/2018;
6307.90.90.00;KIT PERIO - ESTERILIZADO. KIT. EN CIRUGIAS DENTALES; R-000009-2019;7/01/2019;
3102.30.00.90;NITRATO DE AMONIO PARA USO AGRICOLA. GRANULADO. AGRICOLA; R-000009-2020;16/01/2020;
3004.50.20.00;FOXMAX. FRASCOS VIALES DE VIDRIO DE 10,20,50, 100, 250 Y 500 ML. RECONSTITUYENTE A BASE DE FOSFORO ORGANICO Y VITAMINA B12 EN ANIMALES; R-000009-2021;7/01/2021;
4407.11.90.00;MADERA ALISTONADA FINGER JOINT. TABLERO. CARPINTERIA; R-000009-2022;31/01/2022;
3105.90.90.00;NUTRIBALANCE VID. ENVASES DE 20 Y 200 L. AGRÍCOLA; R-000009-2023;9/01/2023;
3105.10.00.00;NUTRIBALANCE VID. ENVASES DE 1 Y 4 L. AGRÍCOLA; R-000009-2023;9/01/2023;
8428.33.00.00;CLASIFICADOR AUTOMÁTICO DE BANDA ESTRECHA. SISTEMA. EN ORGANIZACIÓN Y DISTRIBUCIÓN DE ENVÍOS BASADO EN CINTAS TRANSPORTADORAS ANGOSTAS; R-000009-2024;5/01/2024;
3808.30.10.00;RAPID ROOT. ENVASE DE 1 LIBRA. REGULADOR DE CRECIMIENTO HORMONAL DE LAS RAICES DE LAS PLANTAS; R-000010-2006;9/01/2006;
3921.90.00.90;MEGOTAPE SC 37/65. ROLLOS DE 20.4 CM DE ANCHO.. PARA MANTENER UNIDOS LOS CONDUCTORES EN CABLES MULTICONDUCTORES, MEJORA LA RESISTENCIA A P; R-000010-2007;9/01/2007;
3206.20.00.00;REMAFIN AMARILLO PE-4693. PELLESTS CILINDRIDO, EN BOLSAS DE 25 KG. PARA PIGMENTAR ARTICULOS DE PLASTICO; R-000010-2008;4/01/2008;
8543.70.90.00;DECODIFICADOR DE SEÑALES MPEG-2, MARCA THOMSON GRASS VALLEY, MODELO DBD 4437. UNIDADES. SE UTILIZA EN ESTACIONES DE TV, CABLE TV, CABLE SATELITAL Y TELECOMUNICACIONES; R-000010-2009;22/01/2009;
4811.59.90.00;MANGAS MIXTAS PARA FETILIZACION (CON O SIN FUELLE). ROLLOS. EMPAQUE PARA ESTERILIZACION; R-000010-2011;24/01/2011;
8716.39.00.00;STEELBRO, MODEL SB450RS2040. CARRETA DE TRES EJES. TRANSPORTE DE CONTENEDORES; R-000010-2013;15/01/2013;
3824.99.99.99;TIGER 90CR SULPHUR. EN BOLSAS DE 25 KG Y 1000 KG. COMO FUENTE DE NUTRIENTE PARA PLANTAS CON BASE EN AZUFRE; R-000010-2018;16/01/2018;
9504.90.99.00;RESOLUCIÓN ANTICIPADA - GAMES UNO SPIN. JUEGO EN KIT. JUEGO DE MESA; R-000010-2019;8/01/2019;
3906.90.90.00;POLICARBOXILATO SUPERPLASTIFICANTE ZX-53C. ENVASE DE 230KG DE CILINDRO PLASTICO. ADITIVOS PARA EL CONCRETO, ADITIVO REDUCTOR DE AGUA, OTRO TIPO DE SUPERPLASTIFICANTE; R-000010-2020;16/01/2020;
2309.90.90.00;POWERSWEET. POLVO. ADITIVO SABORIZANTE-EDULCORANTE-AROMATIZANTE; R-000010-2021;7/01/2021;
2106.90.90.00;ALBONDIGA VEGANA. CARTÓN CON 18 UNIDADES. CONSUMO HUMANO; R-000010-2022;6/01/2022;
8528.71.00.00;GOOGLE CHROMECAST WITH GOOGLE TV 4K GA01919. UNIDAD. CONVIERTE UNA TV EN UN SMART TV CON ACCESO A INTERNET Y CANALES DE TV POR STREAMING; R-000010-2023;10/01/2023;
3814.00.90.00;MC-767BK MAKE-UP. EN FRASCO DE 1.2 LITROS. SOLVENTE (MATERIAL RELACIONADO CON LA IMPRESIÓN DE LA TINTA); R-000010-2024;12/01/2024;
5210.41.00.00;TELAS FABRIC 020007928. EN METROS LINEALES. EN LA INDUSTRIA TEXTIL PARA CONFECCIONES; R-000011-2006;9/01/2006;
3905.91.00.00;¿GANEX, CÓDIGO 11007200¿. EN TROZOS DE COLOR NATURAL, DE ASPECTO GRASO. AGENTE FILMÓGENO EN LA FABRICACIÓN DE PROTECTORES SOLARES Y DELINEADOR LÍQUIDO; R-000011-2007;9/01/2007;
9206.00.00.00;CHOQUE-CHOQUE. SE PRESENTA COMO UN ARTÍCULO COMPUESTO DE SEMILLAS SECAS DE COLOR MARRÓN CLARO. ES USADO COMO UN INSTRUMENTO DE PERCUSIÓN RUDIMENTARIO DE ORIGEN ANDINO PARA ENTRETENIMIEN; R-000011-2008;10/01/2008;
8708.99.29.00;PIÑON DE ATAQUE. UNIDADES. TRASMITE MOVIMIENTO DEL MOTOR AL TREN POSTERIOR DE RODAMIENTO; R-000011-2009;8/01/2009;
3004.90.29.00;AZOFLOX. CAJA. MEDICAMENTO PARA USO HUMANO; R-000011-2011;24/01/2011;
2821.10.10.00;11055675 ROJO CROMA. POLVO FINO. USADO EN COSMÉTICA; R-000011-2012;17/01/2013;
3105.20.00.00;BAYFOLAN 11-8-6. ENVASES DE 10 LITROS Y TAMBORES DE 200 LITROS.FERTILIZANTE NPK. CON MICRONUTRIENTES, VITAMINA B1 Y HORMONA DE CRECIMIENTO. REVOCADA CON RTF 09200-A-2018; R-000011-2016;22/01/2016;
3917.32.99.00;SORBETE PARA JUGOS-CAÑITA, PAJILLA. (EN PROCESO DE APELACIÓN). BOLSA. JUGOS O REFRESCOS; R-000011-2017;6/01/2017;
8415.82.20.00;EQUIPO DE AIRE ACONDICIONADO PORTÁTIL MODELO: AAP-09F, MARCA MIRAY. EN UNIDADES. EQUIPO DE AIRE ACONDICIONADO PORTATIL: ENFRIA, VENTILA Y DESHUMEDECE; R-000011-2018;16/01/2018;
3808.93.19.00;MUXTUR. BIDON DE 5L. HERBICIDA POST EMERGENTE, CUYOS INGREDIENTES ACTIVOS TIENEN ACCIÓN SISTEMICA.; R-000011-2020;16/01/2020;
2102.20.00.00;KEYPRO ORIGINAL. BOLSA. FUENTE DE NUTRIENTES MICRO BIOTA PARA MANTENER LA SALUD INTESTIANL DE ANIMALES; R-000011-2021;7/01/2021;
5702.92.00.00;PISO DE ÁRBOL. PIEZA. ALFOMBRA; R-000011-2022;31/01/2022;
8528.71.00.00;ROKU STREAMING STICK 4K 2021. UNIDAD. CONVIERTE UNA TV EN UN SMART TV CON ACCESO A INTERNET Y CANALES DE TV POR STREAMING; R-000011-2023;10/01/2023;
3814.00.90.00;MC-1BK004-4 MAKE-UP. EN FRASCO DE 1.2 LITROS. SOLVENTE (MATERIAL RELACIONADO CON LA IMPRESIÓN DE LA TINTA); R-000011-2024;12/01/2024;
3402.90.90.00;TUBINGAL MUG. TAMBORES DE 120 KILOS. ES UTILIZADO COMO SUAVIZANTE EN LA INDUSTRIA TEXTIL; R-000012-2006;10/01/2006;
6402.99.00.00;¿ZAPATILLA MARCA YAMP¿ MODELO JSD3015-V8. CALZADO TIPO ZAPATILLA, DISEÑADO PARA CUBRIR TODO EL PIE POR DEBAJO DEL TOBILLO, DE COLOR. COMO CALZADO PARA CAMINAR EN OCASIONES CASUALES; R-000012-2007;9/01/2007;
6402.99.90.00;CALZADO PARA DAMAS. MARCA BATA. PAR. CASUAL; R-000012-2009;8/01/2009;
2106.90.79.00;TONIKON. FRASCO. SUPLEMENTO VITAMINICO; R-000012-2011;24/01/2011;
4015.90.90.00;TOMMEE TIPPEE. ARTICULO INSERTADO EN CARTÓN IMPRESO. BABERO PARA NIÑO; R-000012-2013;17/01/2013;
6404.19.00.00;ZAPATILLA, ESTILO MEDIA TOBILLERA, CON PUNTERA. EN PARES. CALZADO CASUAL; R-000012-2018;16/01/2018;
3808.99.19.00;ZEPPLIN. BOTELLA DE 1 LITRO / BIDON DE 5 LITROS. EN LA AGRICULTURA COMO ACARICIDA; R-000012-2020;16/01/2020;
3401.30.00.00;GENERAL HAND CLEANER. ENVASES DE 1 Y 3 L. LIMPIADOR DE MANOS; R-000012-2021;7/01/2021;
9004.90.90.00;DOT GLASSES. PIEZAS SEPARADAS DE LA MONTURA Y LUNAS. LENTES CORRECTORES PARA ADULTOS Y NIÑOS; R-000012-2022;26/05/2022;
3402.50.00.00;LIMPIADOR Y DESENGRASADOR PARA AUTO 32 OZ. ENVASES DE POLIETILENO. LIMPIEZA; R-000012-2023;13/02/2023;
2828.90.11.00;OXIDANTE BC-105. IBC X 1000 KG.. INDUSTRIAL; R-000012-2024;12/01/2024;
3206.49.99.00;CLOISONNE ORANGE. POLVO . SE UTILIZA EN LA INDUSTRIA COSMÉTICA COMO PIGMENTO PARA LA ELABORACIÓN DE LÁPIZ LABIAL; R-000013-2006;9/01/2006;
4805.93.90.00;"¿CARTULINA¿. CARTÓN MONOCAPA SIN ESTUCAR, TEÑIDO DE COLOR NEGRO EN LA MASA, CON SUPERFICIE NATURAL, SIN. COMO MATERIAL MULTIUSO DE DIBUJO, FÓLDER O MANUALIDADES;"; R-000013-2007;9/01/2007;
4811.10.10.10;PAPEL IMPRESO. HOJAS. FONDO DE BANDEJA DE COMPAÑIAS AÉREAS; R-000013-2008;4/01/2008;
6404.11.20.00;CALZADO PARA NIÑOS BUBBLE GUMMERS. EN PARES. ES UN CALZADO DE USO CASUAL; R-000013-2009;8/01/2009;
8529.90.90.00;"""MODULO DE PANTALLA LED"". TARJETA ELECTRONICA ENVUELTA EN PLASTICO CON BURBUJAS. MODULO PRIMARIO, EN GRANDES PANTALLAS DE LEDS..."; R-000013-2010;15/01/2010;
8509.80.90.00;I BLING. EN UNIDADES. PARA LA LIMPIEZA DE ROSTRO Y MANOS; R-000013-2013;17/01/2013;
7326.90.90.00;¿BANDEJA SOPORTE DE CABLES¿ MARCA MECANO. UNIDADES. FORMA PARTE DEL SISTEMA DE SOPORTE PARA CABLES DE FUERZA Y CONTROL, Y SU MONTAJE SE REALIZ; R-000013-2016;8/01/2016;
4411.92.00.00;WPC DECKING (DURMIENTES). UNIDADES. MATERIAL ALTERNATIVO PARA LA INDUSTRIA DE CONSTRUCCIÓN UTILIZADO COMO ELEMENTO ESTRUCTURAL; R-000013-2017;26/01/2017;
6403.91.90.00;CALZADO DE PROTECCION INDUSTRIAL QUE CUBRE EL TOBILLO CON PUNTERA DE COMPOSITE DE PROTECCI. EN PARES. CALZADO DE PROTECCIÓN INDUSTRIAL; R-000013-2018;16/01/2018;
8471.41.00.00;PANTALLA INTERACTIVA BIG PAD. MARCA SHARP, MODELO PN-L851H. UNIDAD CON ACCESORIOS. EN ENTORNOS AJETREADOS DE OFICINA O REUNIONES INTERACTIVAS Y SESIONES DE FORMACIÓN; R-000013-2020;30/01/2020;
3102.29.00.00;AMMONIUM SULPHATE NITRATE (N 26 %). A GRANEL. AGRÍCOLA; R-000013-2022;12/01/2022;
9403.20.00.00;CHECK OUT SIN CINTA (CORREA). UNIDADES. PARA PRESENTAR LOS ARTICULOS AL CAJERO; R-000013-2023;13/01/2023;
4903.00.00.00;LIBRO EL OCEANO EN MOVIMIENTO. UNIDAD. LIBRO DE ENTRETENIMIENTO PARA NIÑOS; R-000013-2024;17/01/2024;
3206.49.99.00;GEMRUBY. POLVO. SE UTILIZA EN LA INDUSTRIA COSMÉTICA COMO PIGMENTO PARA LA ELABORACIÓN DE COSMÉTICOS; R-000014-2006;9/01/2006;
3926.90.90.90;PEZONERA CORTA PLASTICA DE ORDEÑADORAS. BOLSA DE 04 UNIDADES, MANUFACTURA FLEXIBLE, HUECA DE FORMA TUBULAR. SE UTILIZA COMO UNA PARTE DE LA MAQUINA ORDEÑADORA DE LECHE DEL ANIMAL; R-000014-2007;9/01/2007;
9503.00.99.00;JÓVENES EXPLORADORES EN EL INFINITO ESPACIO. UNIDADES. PARA EL ENTRETENIMIENTO DE LOS NIÑOS; R-000014-2008;4/01/2008;
3901.90.90.00;ANTARA 430. TAMBORES. SUAVISANTES EN DETERGENTES; R-000014-2009;8/01/2009;
9019.10.00.00;LABELLE. UNIDADES. PARA MASAJEAR LA PIEL PRODUCIENDO VIBRACIONES EN EL ROSTRO Y LAS MANOS; R-000014-2013;17/01/2013;
8703.22.90.20;"""SPLASH CHANGHE HATCHBACK CH7142C"". UNIDAD.."; R-000014-2015;15/01/2015;
5603.92.00.00;TOALLITAS COMPRIMIDAS. EN ESTUCHE DE PLÁSTICO TUBULAR CON 9 TOALLAS COMPRIMIDAS EN FORMA DE PASTILLA. TOALLITA PARA LIMPIEZA PERSONAL, OTROS.; R-000014-2018;17/01/2018;
8471.41.00.00;PANTALLA INTERACTIVA BIG PAD. MARCA SHARP, MODELO PN_L751H. UNIDAD CON ACCESORIOS. EN ENTORNOS AJETREADOS DE OFICINA O REUNIONES INTERACTIVAS Y SESIONES DE FORMACIÓN; R-000014-2020;30/01/2020;
4810.29.00.00;COUCHE BRILLO MWC 075 GR X 076 PEFC 100% GALERIE FINE. EN BOBINA. IMPRESIÓN; R-000014-2021;8/01/2021;
8704.31.10.90;TRIMOTO DE CARGA ZONGSHEN ZS200CM. SET NUEVO, DESARMADO (CKD). TRIMOTO DE CARGA; R-000014-2022;26/05/2022;
8414.51.00.00;RESOLUCION ANTICIPADA - COOLER PARA LAPTOP. UNIDAD. VENTALICIÓN DE LAPTOP; R-000014-2023;13/01/2023;
9405.31.00.00;LUCES COLGANTES LUNA ESTRELLA. CAJA POR UNIDAD. ILUMINACIÓN DECORATIVA; R-000014-2024;13/01/2024;
3206.49.99.00;TIMICA RAGOLD. POLVO. SE UTILIZA EN LA INDUSTRIA COSMÉTICA COMO PIGMENTO PARA LA ELABORACIÓN DE COSMÉTICOS; R-000015-2006;9/01/2006;
8543.89.90.00;LECTOR FIJO, MARCA INTERMEC, MODELO IF5 INTELLITAG. UNIDADES. SE UTILIZA COMO LECTOR DE TARJETAS DE RFID; R-000015-2007;22/01/2007;
3206.49.99.00;SPAROSITO. GRANEL. COSMETICOS; R-000015-2008;4/01/2008;
3824.90.99.99;LUMINI SYSTEM. BALDES DE 20 KG. FABRICACION DE CHAMPUS; R-000015-2009;8/01/2009;
2202.10.00.00;"BEBIDA DE TE VERDE SABOR LIMON ""COOL TEA"". BOTELLA DE VIDRIO DE 375 ML. BEBIDA PARA CONSUMO HUMANO"; R-000015-2013;17/01/2013;
1602.49.00.00;CHICHARRÓN. BOLSA DE 21 Y 43 G. SNACK; R-000015-2014;22/01/2014;
8704.31.10.10;MINITRUCK DOBLE CABINA CHANGHE CH1021LE. UNIDAD. VEHÍCULO MINITRUCK DOBLE CABINA CON CAJA DE CARGA. PARA EL TRANSPORTE DE MERCANCÍAS. CONFIRMADA CON RTF 10493-A-2017; R-000015-2015;15/01/2015;
9018.90.90.00;PORTA AGUJAS MODELO MAYO HEGAR. EN UNIDADES. PARA CIRUGÍA GENERAL Y CARDIOTORÁXICA; R-000015-2017;11/01/2017;
6702.90.00.00;FLORES PARA NAVIDAD, DE MATERIAL TEXTIL. FLORES ARTIFICIALES. PARA DECORACIÓN; R-000015-2022;26/05/2022;
8509.80.90.00;LIMPIADOR DE POROS (KIT). (CÓDIGO 20014080). UNIDADES. REMOVEDOR DE ESPINILLAS, USO FACIAL; R-000015-2023;13/01/2023;
3827.63.00.00;PERÓXIDO DE REFRIGERANTE R507. EN CILINDROS DE 11.3 KG. EN APLICACIONES DE REFRIGERACIÓN COMERCIAL DE BAJA Y MEDIA TEMPERATURA.; R-000015-2024;12/01/2024;
3824.90.99.99;ACIDO GRASO DE DIETANOLAMINE. CILINDROS.; R-000016-2006;9/01/2006;
3926.90.90.90;¿MACGRID SOLDADA 200/15¿. COMO UNA MANUFACTURA DE MATERIA PLÁSTICA NO CELULAR DE COLOR NEGRO, CONSTITUIDO POR TIRAS. COMO GEOGRILLA PARA ESTRUCTURAS DE CONTENCIÓN EN SUELO REFORZADO Y REFUERZO DE RELLENOS SO; R-000016-2007;9/01/2007;
3105.90.90.00;HAKAPHOS BASE.. 25 KILOS.. EN LA AGRICULTURA COMO FERTILIZANTE Y CORRECTOR DE CARENCIAS DE MICRONUTRIENTES DE CULTIVO; R-000016-2008;3/01/2008;
3105.10.00.00;HAKAPHOS BASE.. ENVASES DE 1 Y 25 KILOS.. FERTILIZANTE Y CORRECTOR DE CARENCIAS DE MICRONUTRIENTES DE CULTIVOS.; R-000016-2008;3/01/2008;
2914.50.00.00;ESCALOL 567. TAMBORES DE 110 LBS.. BLOQUEADOR DE RAYOS UV EN PREPARACIONES PARA LA PIEL; R-000016-2009;8/01/2009;
6103.43.00.00;YI JI ALE - PANTALON. CONJUNTO DE DOS PIEZAS - CASACA Y PANTALON. CONJUNTO DE USO CASUAL PARA HOMBRE; R-000016-2013;17/01/2013;
6101.30.00.00;YI JI ALE - PRENDA SUPERIOR O CASACA. CONJUNTO FORMADO DE DOS PIEZAS. CONJUNTO DE USO CASUAL PARA HOMBRE; R-000016-2013;17/01/2013;
3303.00.00.00;BODYLOGIC POSITIVITY. ENVASE DE VIDRIO TIPO ROLL ON X 10 MM. AROMATERAPIA, SE APLICA EN LA CIEN, NUCA Y FRENTE; R-000016-2014;22/01/2014;
8509.40.90.00;RASPADILLERA -MODELO RASP 80. UNIDAD. TRITURADO DE HIELO A PUNTO DE NIEVE; R-000016-2016;10/02/2016;
3824.99.99.99;11006550. EN FORMA LÍQUIDA. IND. COMÉTICA, AGENTE EMULSIFICANTE EN DESMAQUILLADOR DE OJOS.; R-000016-2018;17/01/2018;
3402.90.99.00;DEPTACID NT. BIDON X 25 KG / TAMBOR X 250 KG.. PARA LIMPIEZA Y DESINCRUSTACIÓN DE LOS CIRCUITOS TÉRMICOS Y NO TÉRMICOS; R-000016-2020;30/01/2020;
8528.72.00.00;MONITOR INTELIGENTE S27AM50. UNIDAD. PARA USO CON PC O SIN CONECTAR A PC; R-000016-2023;17/01/2023;
2106.90.21.00;EMOLINKA. EN BOLSAS TRILAMINADAS (PET/ BOPP METALIZADO/ POLIETILENO) DE 20 GRAMOS EN FRASCOS.. PARA LA ELABORACIÓN DE BEBIDAS; R-000016-2024;12/01/2024;
1518.00.90.00;MEZCLA DE ACEITE CRUDO DE SOYA CON ACEITE CRUDO DE ALGODON. GRANEL. EN LA INDUSTRIA; R-000017-2006;9/01/2006;
3206.49.10.00;REMAFIN VERDE PP-2368-2. PELLETS DE PLASTICO VERDE. PIGMENTO DE LA INDUSTRIA PLASTICA; R-000017-2007;9/01/2007;
2615.10.00.00;ZIRCOBIT - MO - E. SE PRESENTA COMO UN POLVO DE COLOR BLANCO, INORGÁNICO, PUNTO DE FUSIÓN 1500 °C, INODORO, I. ES USADO COMO AGENTE OPACIFICANTE DE ESMALTE CERÁMICOS; R-000017-2008;10/01/2008;
3923.90.00.00;COPA. UNIDAD. ENVASADO DE YOGUR; R-000017-2009;8/01/2009;
3105.10.00.00;FERTIUM AMIN. ENVASE DE 1 LITRO. AGRÍCOLA - FERTILIZANTE; R-000017-2013;21/01/2013;
8704.21.10.10;TOYOTA LAND CRUISER - SPV 105. AUTOMÓVIL. TRANSPORTE DE PERSONAL; R-000017-2014;22/01/2014;
3004.90.29.00;EFECTOLAX. CAJA DE CARTÓN CON 5 BLISERS CONTENIENDO 100 COMPRIMIDOS RECUBIERTOS. LAXANTE NATURAL DE ADMINISTRACIÓN ORAL. CONFIRMADA CON RTF 2674-A-2018; R-000017-2015;15/01/2015;
3403.99.00.00;LUBRICANTE PARA TABLEROS ELEXTRICOS DE ALTA TENSION. ENVASE PRESURIZADO DE 10 ONZAS. LUBRICANTE E INHIBIDOR DE CORROSION PARA TABLEROS DE CONEXION ELECTRICA DE ALTO VOLTAJE; R-000017-2016;22/01/2016;
9018.41.00.00;FRESAS DENTALES DE DIAMANTE. UNIDADES EN BOLSAS CONTENIENDO DE 1 A 20 Y DE 1 A 100 FRESAS. PARA USO ODONTOLÓGICO; R-000017-2017;12/01/2017;
8470.10.00.00;CALCULADORA ELECTRÓNICA, MARCA CASIO, MODELO MS-20NC-PK-S-DC. EN CAJAS DE CARTON CON UNIDADES. CALCULADORA; R-000017-2018;17/01/2018;
3004.50.20.00;HIERRO PLUS. SOLUCION INYECTABLE EN FRASCO DE VIDRIO DE 10, 20, 50, 100 Y 250 ML. PARA PROFILAXIS Y TRATAMIENTO DE ANEMIA FERROPENICA EN ANIMALES; R-000017-2021;8/01/2021;
8708.99.99.00;"""NINEBOT GOKART KIT MODELO N4MZ98¿. UNIDADES. EL KIT GOKART ES UN ACCESORIO DESARROLLADO ESPECÍFICAMENTE PARA LOS PRODUCTOS NINEBOT BY S"; R-000017-2022;26/01/2022;
3921.19.90.00;PAÑOS ABSORBENTES. PAÑO ABSORBENTE MIX X 4 UN 24/1. PAÑO PARA LA LIMPIEZA RÁPIDA Y EFECTIVA DE DIFERENTES SUPERFICIES DEL HOGAR.; R-000017-2023;14/02/2023;
3402.90.99.00;TERPERSE 2020. LÍQUIDO A GRANEL Y LÍQUIDO ENVASADO EN IBC. TENSOACTIVO, AGENTE DISPERSANTE; R-000017-2024;12/01/2024;
3402.13.90.00;ACIDO DODECILBENCENO SULFÓNICO. LIQUIDO VISCOSO, COLOR MARRON CLARO, TRASLÚCIDO SOLUBLE EN AGUA FORMANDO ESPUMA. EN LA FABRICACIÓN DE DETERGENTES DOMÉSTICOS, LIMPIADORES EMULSIFICANTES PARA PESTICIDAS...; R-000018-2006;17/01/2006;
6006.90.00.00;TELA - FORRO CON ELASTANO. ROLLOS COMO UN TUBO DE 62 CM DE ANCHO. EN LA CONFECCIÓN DE PRENDAS DE VESTIR; R-000018-2007;9/01/2007;
3206.49.10.00;REMAFIN AZUL MB-90-98-786. PELLESTS CILINDRICO, EN BOLSAS DE 25 KG. PARA PIGMENTAR ARTICULOS DE PLASTICO; R-000018-2008;4/01/2008;
3806.10.00.00;RESINA PARA VIOLIN. A GRANEL. PARA LUBRICAR LAS CUERDAS DEL VIOLÍN; R-000018-2009;8/01/2009;
1515.90.00.90;11017310 SWALOIL. LIQUIDO. COMO AGENTE ACONDICIONADOR EMOLIENTE PARA LA PIEL; R-000018-2013;21/01/2013;
9503.00.40.00;"""1000 ROMPECABEZAS"", MARCA ONLINE. CAJA METÁLICA.. JUEGO DE MESA INDICADO PARA PERSONAS MAYORES DE 10 AÑOS."; R-000018-2014;23/01/2014;
8516.79.00.00;OLLA DE COCCION LENTA -MODELO SCL030. UNIDAD. DOMESTICO; R-000018-2016;8/01/2016;
9018.49.90.00;ELEVADORES DE RAICES-MODELO BEIN-MARCA ROTTMANN STAINLESS STEEL. UNIDAD. ODONTOLOGIA; R-000018-2017;13/01/2017;
3808.92.19.00;BIO-SPLENT 70 WP. EN BOLSAS X 1 KG Y POS 500 G.. FUNGICIDA BIOLÓGICO DE USO AGRÍCOLA.; R-000018-2018;17/01/2018;
9401.79.00.00;SILLA METALICA CON MASAJEADOR, MARCA: HOMEDIC, MODELO: MCS-1210H. UNIDAD. PARA MASAJES; R-000018-2019;8/01/2019;
1901.90.90.00;BEBIDA INSTANTANEA EN POLVO A BASE DE LECHE Y SOYA - NUTRISILVER SABOR VAINILLA. ENVASES DE 500 Y 1000 GRAMOS. CONSUMO HUMANO; R-000018-2021;8/01/2021;
3002.49.10.00;FERTILIZANTE BIOT HAM. BOTELLA 1 L, GALON DE 3.78 L, BIDÓN 20 L. AGRÍCOLA; R-000018-2023;12/01/2023;
1108.13.00.00;POLVO ANTIRREPINTE REGULAR PARA ASPERSION. CAJA 25 KILOS. SE UTILIZA COMO POLVO ANTIRREPINTE EN EL EMPAQUE DE ALIMENTOS, PARA EVITAR QUE QUEDE MARCA; R-000019-2006;10/01/2006;
3824.90.99.99;¿CESA BLOCK MB-23-S1¿. COMO MATERIA PLÁSTICA EN FORMA DE PELLETS ESFÉRICOS DE COLOR BLANCO, EMPACADO EN BOLSAS DE. ES UTILIZADO EN LA INDUSTRIA PLÁSTICA COMO UN INSUMO ANTIESTÁTICO; R-000019-2007;9/01/2007;
6006.44.00.00;TELA ESTAMPADA COLOR NEGRO C/BLANCO. ROLLOS, COMO TEJIDO DE PUNTO POR TRAMA. SE UTILIZA EN LA INDUSTRIA DE LA CONFECCION; R-000019-2008;4/01/2008;
1704.90.10.00;CARAMELO BLANDO MORF - MARSHMALLOWS. BOLSA SELLADA DE 130 GRAMOS DE PESO BRUTO. ARTÍCULO DE CONFITERÍA DE CONSUMO HUMANO; R-000019-2009;8/01/2009;
3205.00.00.00;11050225 PERSIAN ORANGE C70-5270. POLVO FINO. ELABORACION DE PRODUCTOS COSMÉTICOS; R-000019-2013;21/01/2013;
3206.49.99.00;11056755 DIAMANTES NEGROS. POLVO. PIGMENTO NACARADO; R-000019-2014;22/01/2014;
9018.49.90.00;PINZA USADA EN ODONTOLOGIA-MARCA ROTTMANN STAINLESS STEEL. UNIDAD. ODONTOLOGIA; R-000019-2017;13/01/2017;
1806.90.00.00;CREMA LACTEA CON OMEGA 3. EN SACHET O BLISTER DE CAPACIDAD 12 G. ALIMENTO PARA CONSUMO HUMANO DIRECTO COMO COMPLEMENTO NUTRICIONAL; R-000019-2018;17/01/2018;
9019.10.00.00;MASAJEADOR PARA ASIENTO, MARCA: HOMEDICS, MODELO: MCS-840HA. UNIDAD. PARA MASAJES; R-000019-2019;8/01/2019;
3808.99.99.00;ZEPPLIN. BIDON X 20 L. EN AGRICULTURA COMO ACARICIDA; R-000019-2020;30/01/2020;
8471.80.00.00;THINKSMART VIEW. TERMINAL INALÁMBRICO TABLET PARA TRANSMISIÓN DE DATOS, MARCA LENOVO. UNIDADES. PARA COMPLEMENTAR FUNCIONES DE UNA MÁQUINA AUTOMÁTICA USO DE MS TEAMS; R-000019-2021;9/01/2021;
2106.90.90.00;AVISTICK. EN CAJAS DE CARTÓN FOLCOTE CONTENIENDO 30 UNIDADES DE SACHET. COMPLEMENTO NUTRICIONAL; R-000019-2022;31/01/2022;
2202.99.00.00;DIUTIN -PROTEIN PLUS SABOR LIMON. ENVASES DE 450 ML, 900 ML Y 1920 MILILITROS.. CONSUMO HUMANO, PUEDE CONSUMIRSE DE MANERA DIRECTA, CON SU BEBIDA O COMIDA FAVOR; R-000019-2023;4/04/2023;
3824.99.70.00;POLYMAX G30. GALONES. COMO DEPRESOR DE GANGAS EN PROCESOS DE FLOTACIÓN Y ORO.; R-000019-2024;17/01/2024;
3909.10.00.90;PEGABIND. BOLSAS DE 25 KG. COMO AGLUITINANTE PARA ELABORACION DE ALIMENTOS DE MASCOTAS Y PREMEZCLAS; R-000020-2006;10/01/2006;
3904.22.00.00;PLASTISOL RUTLAND PARA ESTAMPADO TEXTIL. SE PRESENTA EN ENVASES DE 1, 5 Y 55 GALONES. ESTAMPACIÓN DIRECTA DE PRODUCTOS TEXTILES EN SERIGRAFÍA; R-000020-2007;9/01/2007;
7326.19.00.00;JUNTA METÁLICA. SE PRESENTA EN UN ENVASE DE PLÁSTICO TRANSPARENTE, 2 UNIDADES DE MANUFACTURA METÁLICA A BA. ES USADA COMO EMPAQUES PARA MOTORES; R-000020-2008;10/01/2008;
1704.90.10.00;ROLLO MAGUL-CARAMELO BLANDO. TUBO DE PAPEL CELOFAN CONTENIENDO CARAMELOS BLANDOS X 35 G.. ARTICULO DE CONFITERIA; R-000020-2009;8/01/2009;
3402.20.00.00;FILTER FREE. FRASCO PLÁSTICO DE 500 ML. AGENTE DE LIMPIEZA - LIMPIADOR DE FILTRO PARA PISCINA Y REMOVEDOR DE SARRO; R-000020-2013;21/01/2013;
9503.00.40.00;"""100 ROMPECABEZAS"", MARCA ONLINE. ENVASE DE CARTÓN CON MANIJA DE PLÁSTICO.. JUEGO DE MESA INDICADO PARA PERSONAS MAYORES DE 3 AÑOS."; R-000020-2014;23/01/2014;
3402.90.99.00;CLINBAC BS-5. EN GARRAFAS DE 20 L.. PARA LIMPIEZA Y ELIMINACION DE MALOS OLORES EN TUBERIAS.; R-000020-2016;3/06/2016;
2309.90.90.00;VITAMINA C 35% MONOFOSFATO. CAJA X 25 KG.. USO VETERINARIO, EN ALIMENTACIÓN ANIMAL.; R-000020-2018;17/01/2018;
8518.22.00.00;BARRA DE SONIDO, LG, SH2. UNIDAD. PARA ESCUCHAR AUDIO PROVENIENTE DE TV, DE UNA PC, REPRODUCTOR DE DISCOS BLU-RAY, DVD, ETC.; R-000020-2019;8/01/2019;
3402.90.99.00;LARK ACID 102. BIDON X 25 KG / TAMBOR X 250 KG. LIMPIADOR ÁCIDO QUE ELIMINA MANCHASY OTROS EN EQUIPOS INDUSTRIALES; R-000020-2020;30/01/2020;
2202.10.00.00;SMOOTHIE DE WILDBERRY. ENVASE CON 1.4 LITROS. BEBIDA LISTA PARA SU CONSUMO INMEDIATO; R-000020-2021;8/01/2021;
2101.12.00.00;"""9 EN 1"" K-LE GOLD. CAJA 25 UNIDADES. PREPARAR BEBIDA"; R-000020-2022;31/01/2022;
3105.90.90.00;FÓSFORO MUCHIK. EN BOLSAS DE 50 KG. AGRICULTURA; R-000020-2023;31/01/2023;
8516.79.00.00;CAVA DE VINOS TERMOELÉCTRICA, ELECTROLUX, MODELO ERW082XAMB. CAJA DE CARTÓN. MANTENER EL VINO REFRIGERADO; R-000020-2024;12/01/2024;
3402.13.90.00;TUBINGAL SMF. ESTADO LIQUIDO, INODORO, SOLUBLE EN AGUA. SUAVIZANTE Y ADITIVO PARA EL ACABADO FINAL DE TEXTILES; R-000021-2006;9/01/2006;
1516.20.00.00;¿THIXCIN R¿. POLVO FINO DE COLOR BLANCO Y ASPECTO CÉREO. COMO AGENTE REOLÓGICO O TIXOTRÓPICO PARA PITURAS, COSMÉTICOS; R-000021-2007;9/01/2007;
8479.89.90.00;PLANTA DE PROCESAMIENTO DE MINERAL DE ÓXIDOS MERRIL CROWE. CORRESPONDE A UN SISTEMA INTEGRAL QUE SE ENCARGA DE RECUPERAR LOS METALES PRECIOSOS. RECUPERAR LOS METALES PRECIOSOS DE UNA SOLUCIÓN MADRE RICA EN MINERAL; R-000021-2009;8/01/2009;
5810.92.00.00;"TELA PARA CORTINAS - TUL"" CODIGO 1-08-63377-3. EN ROLLOS. CONFECCION DE CORTINAS - INDUSTRIA TEXTIL"; R-000021-2010;15/01/2010;
3206.49.99.00;11056055 AZUL BRILLANTE. POLVO PERLADO. PIGMENTO PARA COSMÉTICO (SOMBRAS COMPACTAS); R-000021-2013;21/01/2013;
8704.21.10.10;TOYOTA LAND CRUISER -SPV 115. AUTOMÓVIL. AUTOMÓVIL PARA MECANICO; R-000021-2014;22/01/2014;
3105.90.90.00;KRISTALON SPECIAL (KRISTALON ESPECIAL). SACOS DE 1 200 KG. AGRICULTURA; R-000021-2015;26/03/2015;
3105.90.90.00;KRISTALON SPECIAL (KRISTALON ESPECIAL). SACOS 25 KG. AGRICULTURA; R-000021-2015;26/03/2015;
3105.90.90.00;KRISTALON SPECIAL (KRISTALON ESPECIAL). SACOS 50 KG. AGRICULTURA; R-000021-2015;26/03/2015;
2710.19.34.00;HAYNES CAPA LUBRICANTE. EN TUBOS DE 4 OZ.. GRASA LUBRICANTE PARA EQUIPOS DE PROCESAMIENTO DE ALIMENTOS.; R-000021-2016;22/01/2016;
4412.99.00.00;PISO ESTRUCTURADO. UNIDAD. PARA PISO DECORATIVO /CON RTF N° 08061-A-2018 CONFIRMA SPNA; R-000021-2017;17/03/2017;
9612.10.00.00;CINTA DE RESINA PARA IMPRESION AL MARCADO POR CALOR. EN ROLLOS. SE UTILIZA PARA LA IMPRESIÓN O MARCADO AL CALOR; R-000021-2018;17/01/2018;
9504.90.99.00;RESOLUCIÓN ANTICIPADA - PICTIONARY FG LAAM, CODIGO BGG33. JUEGO EN SET. JUEGO DE MESA; R-000021-2019;8/01/2019;
3402.90.99.00;DEPTACID UF2. BIDON X 30 KG 7 290 KG. DETERGENTE ÁCIDO PARA LIMPIEZA DE MEBRANAS SEPARATIVAS, RESISTE PH INFERIORES A 2.; R-000021-2020;30/01/2020;
8418.40.00.00;ULTRAFREEZER CIENTIFICO VERTICAL, MARCA:INDREL, MODELO: IULT335D/710. UNIDADES. CONGELADORA CIENTIFICA; R-000021-2021;9/01/2021;
5603.13.00.00;PAÑOS MULTIUSOS AMARILLOS. YES PAÑO SECATODO X 1 UN 80/1 - YES PAÑO SECATODO X 4 UN 20/1 - YES PAÑO SECATODO X 14 UN. PAÑO MULTIUSO; R-000021-2023;14/02/2023;
3402.50.00.00;DETERGENTE LESLY ANTIBACTERIAL. SACO DE 15 KG. DETERGENTE; R-000021-2024;12/01/2024;
3923.50.00.00;TAPA PESARO. UNIDADES. UTILIZADA COMO (TAPA) DISPOSITIVO DE CIERRE; R-000022-2006;18/01/2006;
3824.90.99.99;RENDEROX. EN BIDONES DE 50 Y 200 KILOGRAMOS. USADO COMO ANTIOXIDANTE LÍQUIDO PARA GRASA DE POLLO Y HARINAS DE PLANTAS DE RENDIMIENTO; R-000022-2007;9/01/2007;
3920.99.00.00;CINTA DE TEFLON GRAFITADO. ROLLOS COMO CINTAS CONFORMADAS POR 2 TIRAS. EN LA FABRICACION DE TRENZAS INDUSTRIALES; R-000022-2008;4/01/2008;
3103.90.00.10;ABONO PAZ DEL RIO. BOLSAS DE PAPEL KRAFT. AGRICULTURA; R-000022-2009;8/01/2009;
0406.10.00.00;QUESO CREAM CHEESE. EN CAJA. CONSUMO HUMANO; R-000022-2013;21/01/2013;
3210.00.90.00;OPADRY II 85F13902 ORANGE. POLVO COLOR ANARANJADO. RECUBRIMIENTO PARA TABLETAS FARMACEUTICAS; R-000022-2014;22/01/2014;
6403.40.00.00;"""BOTAS DE SEGURIDAD"", MARCA SPRO, ESTILO: BULDOZER. PARES.. CALZADO PARA CABALLERO."; R-000022-2015;19/01/2015;
3917.39.90.00;MANGUERA PLANA LAYFLAT DE PVC. ROLLO. TRANSPORTE Y DESCARGA DE AGUA, SISTEMA DE IRRIGACION , DRENAJE; R-000022-2016;10/02/2016;
7410.11.00.00;"""CINTA DE COBRE"", DE USO ELÉCTRICO 30 MM X 0.064 MM. EN ROLLOS.. FABRICACIÓN DE CABLES Y OTROS USOS ELÉCTRICOS."; R-000022-2017;13/01/2017;
0206.29.00.00;CORAZON DE RES CONGELADO. DESPOJO. DESPOJO COMESTIBLE; R-000022-2018;17/01/2018;
2106.90.73.00;REDOXITOS TOTAL. GOMITAS MASTICABLES. COMPLEMENTO ALIMENTICIO CON VITAMINA Y MINERALES; R-000022-2019;10/01/2019;
4823.69.00.00;ENVASES PARA ALIMENTOS: PLATO BANDEJA 1 D2 BIOFORM CARTON GR. ENVASES PARA ALIMENTOS. PARA ALIMENTOS; R-000022-2020;30/01/2020;
3105.90.90.00;KELP WAY FOLAN. 1, 4, 20 Y 200 LITROS. FERTILIZANTE; R-000022-2021;11/01/2021;
3808.91.99.00;ARAGON. ENVASES DE 20 L. INSECTICIDA; R-000022-2022;20/01/2022;
3920.99.00.00;ELASTIC TAPE. ROLLO.; R-000022-2023;17/02/2023;
2905.13.00.00;N BUTANOL. BIDONES PLASTICOS . DISOLVENTE DE CERAS, GRASAS, RESINAS, BARNICES, GOMAS, ETC; R-000023-2006;9/01/2006;
3911.90.00.00;"¿POLYMIN SK¿. COMO MATERIA PLÁSTICA EN FORMA DE LÍQUIDO SEMIVISCOSO DE COLOR AMARILLO, SOLUBLE EN AGUA C. UTILIZADO EN LA INDUSTRIA PAPELERA;"; R-000023-2007;9/01/2007;
6402.99.90.00;ZAPATILLA MARCA XIOMI STYLO 705144. PARES. COMO ZAPATILLA DE USO URBANO O CASUAL PARA DAMAS; R-000023-2008;3/01/2008;
2106.90.90.00;GRINDSTED SBB 280. SACOS DE 25 KG.. EMULSIFICANTE Y ESTABILIZANTE EN LA ELABORACIÓN DE YOGURT Y SUS PRODUCTOS; R-000023-2009;8/01/2009;
8502.31.00.00;AEROGENERADOR. ACONDICIONADO EN CAJA DE MADERA, PESO 145 KILOS. COMO AEROGENERADOR PARA AHORRO ENERGÉTICO; R-000023-2013;21/01/2013;
9405.40.90.00;MÓDULOS LED, MARCA USLED, SERIE POINT2, MODELO PT2-3-12-W. UNIDADES, TIRAS. APLICACIONES ESTÁNDAR DE LETRAS TRIDIMENSIONALES QUE REQUIEREN UN COLOR IMPRESIONANTE; R-000023-2015;24/02/2015;
3916.10.00.00;JUNTA DE RETENCIÓN - CELDA CERRA. UNIDAD. INSTALCIONES DE CRISTALES, VENTANAS, MAMPARAS; R-000023-2016;14/01/2016;
3926.90.90.90;PERTIGA TELESCOPICA, DE MANIOBRA, MODELO CE-5/90-K.(DECLARADA NULA POR RTF 127-A-2020 ). UNIDADES.. MANIOBRAS A DISTANCIA DE CABLES CON CORRIENTE ELÉCTRICA EN BAJA, MEDIA Y ALTA TENSIÓN.; R-000023-2017;13/01/2017;
3002.90.10.00;SPOBIO CL. EN AMPOLLAS DE 5 ML., CAJAS X 8 Y 12 AMPOLLAS.. MEJORA LA DIGESTIÓN, PREVENCIÓN Y TRATAMIENTO DE LA DIARREA, MEJORA LA FLORA INTESTINAL; R-000023-2018;17/01/2018;
3105.20.00.00;FERTILIZANTE COMPUESTO QUIMICO NPK 19-9-19. SACOS DE 25 KG, 50 KG. BIG BAG DE 1 TM - 1.25 TM, A GRANEL. FERTILIZANTE PARA USO AGRÍCOLA; R-000023-2019;10/01/2019;
1102.20.00.00;PAN HARINA MAIZ AMARILLO. BOLSAS DE 1000 GR. CONSUMO HUMANO, PREPARACIÓN DE AREPAS, EMPANADAS, BOLLOS, TAMALES, ETC.; R-000023-2020;30/01/2020;
2202.10.00.00;SMOOTHIE DE PIÑA COLADA. ENVASE CONTENIENDO 1.4 LITROS. BEBIDA LISTA PARA SU CONSUMO INMEDIATO; R-000023-2021;11/01/2021;
3808.92.19.00;ALINA. ENVASES DE 1 Y 5 L. FUNGICIDA; R-000023-2022;20/01/2022;
1516.20.00.00;CEBES MC 80. BOLSA 100.00 G.. RECUBRIMIENTO COBERTURAS Y PRODUCTOS MOLDEADOS; R-000023-2023;17/01/2023;
2208.90.90.00;ZHUMIR SWITCH NARANJA. ENVASE DE PLÁSTICO NO RETORNABLE DE 2 LITROS DE CAPACIDAD. SE USA COMO BEBIDA GASEOSA, CON BAJO GRADO DE ALCOHOL PARA CONSUMO HUMANO; R-000024-2006;9/01/2006;
3402.90.90.00;DURON TX 2009. LIQUIDO. EMULSIFICANTE PARA MEZCLAR CON ACEITES TEXTILES PARA MAQUINARIA; R-000024-2007;9/01/2007;
6804.22.00.00;"¿ROTO FORM P6 - T6¿. COMO UN CILINDRO COMPACTO COLOR VERDE DE 0,5 MM DE LARGO,. UTILIZADO PARA EL DESBASTE DE PIEZAS METÁLICAS PEQUEÑAS;"; R-000024-2008;4/01/2008;
5211.43.00.00;TEJIDO DE ALGODON TIPO MEZCLILLA DENIM. ROLLO. CONFECCIÓN DE PRENDAS DE VESTIR; R-000024-2009;8/01/2009;
3206.49.99.00;11056015 BEIGE SUAVE. A GRANEL. PIGMENTO PARA COSMETICOS (SOMBRAS COMPACTAS); R-000024-2013;23/01/2013;
8471.30.00.00;TABLET CONSOLA, MARCA SANEMAX, MODELO CE706. UNIDAD. COMO TABLET CON APLICACIONES DE JUEGOS; R-000024-2015;24/02/2015;
8443.13.00.00;MAQUINA OFFSET. UNIDAD. IMPRENTA; R-000024-2016;22/01/2016;
3822.00.90.00;TABLETA ASSAY CON LEACHWELL. BOLSA X 500 TABLETAS. ACELERAR LOS PROCESOS DE LIXIVIACIÓN EN ANALISIS DE LABORATORIO; R-000024-2018;26/01/2018;
9504.90.99.00;RESOLUCIÓN ANTICIPADA - DESTAPA Y ATRAPA. JUEGO EN SET. JUEGO DE DESTREZA Y AZAR; R-000024-2019;10/01/2019;
3824.99.99.99;AEROSIL® R 972 PHARMA. BOLSAS MULTILÁMINAS DE 10 KG. MATERIA PRIMA TILIZADA EN LA INDUSTRIA FARMACEÚTICA; R-000024-2020;30/01/2020;
3105.10.00.00;ALGASUPER-AG. BOTELLA DE 1 LITRO. AGRICULTURA; R-000024-2021;11/01/2021;
2106.10.19.00;SCANPRO FCP 90. BOLSAS MULTICAPA CON CAPA INTERNA DE PE, PESO UNITARIO: 20 KILOS. ALIMENTACION HUMANA; R-000024-2023;13/02/2023;
9405.31.00.00;LUCES CORTINA NAVIDAD. CAJA POR UNIDAD. ILUMINACIÓN EN DÍAS FESTIVOS; R-000024-2024;19/01/2024;
8524.31.00.00;CD GRABADO CON SOFTWARE. ACONDICIONADO AL POR MENOR EN CAJAS . SOFTWARE DE INSTALACION; R-000025-2006;9/01/2006;
9106.90.00.00;CONTROL ELECTRONICO DE RONDAS INTELEKTRON. ACONDICIONADO AL POR MENOR. CONTROL DE RONDAS; R-000025-2006;9/01/2006;
6402.99.00.00;CALZADO NORTH STAR. SE PRESENTA COMO UNA ZAPATILLA PARA ADULTO. ES USADO COMO ZAPATILLA CASUAL PARA DAMA; R-000025-2007;9/01/2007;
3206.20.00.00;REMAFIN AMARILLO PEN062-2C. A GRANEL EN FORMA DE PELLETS CILINDRICOS. EN LA INDUSTRIA COMO COLORANTE EN LA FABRICACIÓN DE PINTURAS, TINTAS Y PLÁSTICOS; R-000025-2008;4/01/2008;
3820.00.00.00;ACTION COOLANT 35/65. NO SE INDICA. COMO REFRIGERANTE Y ANTICONGELANTE PARA RADIADORES; R-000025-2009;8/01/2009;
3003.90.20.00;PROCOX -25. POLVO. ANIMAL- AVES - REVOCADA CON RTF 1471-A-2012SPN 3004.90.30.00 - (S.E. 20-2013-3A6300); R-000025-2010;15/01/2010;
3206.49.99.00;11055805 SPARKLING VERDE. POLVO. INDUSTRIA COSMÉTICA, PIGMENTO PARA SOMBRAS COMPACTAS; R-000025-2013;23/01/2013;
3407.00.20.00;"CERAS PARA ODONTOLOGIA. BOLSA DE POLIETILENO 454 G. ODONTOLOGIA; ALGINATO CROMÁTICO PARA IMPRESIONES DE PRECISIÓN"; R-000025-2015;16/01/2015;
3923.10.90.00;BASE HONDA 25.5 CM (VISUAL DOME CIRCULAR). UNIDADES (50) EN PAQUETES. PARA EL TRANSPORTE DE ALIMENTOS; R-000025-2019;10/01/2019;
1901.90.90.00;SIMILAC MAMÁ X 400 GR. ENVASE DE 400 GR. COMO PARTE DE UNA DIETA SIGUIENDO LAS RECOMENDACIONES D EUN PROFESIONAL; R-000025-2020;30/01/2020;
3105.10.00.00;L´TERUS-AG AMINO 80. BOLSA DE 1 KILO. AGRICULTURA; R-000025-2021;11/01/2021;
1901.90.90.00;DTX WU!. STICK DE 10 G. BEBIDA; R-000025-2022;21/01/2022;
6116.10.00.00;GUANTES DE ARQUERO MARCA: ORBIT.. EN PAR. PARA PRACTICA DE DEPORTE; R-000025-2023;17/01/2023;
0409.00.00.00;MIEL HONEY. SACHET DE 9G. EDULCORANTE DE BEBIDAS; R-000026-2006;9/01/2006;
3824.90.99.99;CUPROSTAR 1541MAINTENANCE CODOGO 16018657. RECIPIENTES DE 5 GALONES. ADITIVO USADO COMO ABRILLANTADOR Y CORRECTOR DE GRANO EN LA ELCTRODEPOSICIÓN DE COBRE; R-000026-2007;9/01/2007;
9503.00.99.00;MI LIBRO TRIDIMENSIONAL ESPACIO. UNIDADES. PARA ENTRETENIMIENTO DE LOS NIÑOS; R-000026-2008;4/01/2008;
3402.90.99.00;11004430 DEHYTON MC. NO INDICA. SURFACTANTE EN PREPARACION DE LIMPIADORES FACIALES; R-000026-2009;8/01/2009;
3907.60.90.00;11056225 JOYA HEX. ESCARCHAS DE FORMA HEXAGONAL. INDUSTRIA COSMETICA, COMO INSUMOS, COLORANTE EN LA FORMULACIÓN DE ESMALTES; R-000026-2013;23/01/2013;
2915.90.90.00;11015930 MYRACID. A GRANEL EN FORMA DE CERA EN ESCAMAS. LIMPIADOR FACIAL; R-000026-2014;22/01/2014;
8470.10.00.00;CALCULADORA ELECTRÓNICA, MARCA CASIO, MODELO. FX-CP400-B-DH. EN CAJAS DE CARTÓN CONTENIENDO UNA UNIDAD. CALCULADORA GRÁFICA CON CAS; R-000026-2018;26/01/2018;
2836.50.00.00;RESINA PVC SG5. BOLSA DE 25 KG. INDUSTRIAL; R-000026-2019;10/01/2019;
2103.90.20.00;MEZCLA FUNCIONAL PARA TENDERIZAR. BOLSA X 10 KG / SACO X 20 KG. PARA MARINAR TODO TIPO DE CARNE; R-000026-2020;30/01/2020;
3824.99.99.99;´L´TERUS-AG CAZN. BOLSA DE 1 KILO. AGRICULTURA; R-000026-2021;11/01/2021;
9306.30.20.00;FULMINANTES, MARCA: RHINO. CAJA POR 100 UNIDADES. PARA APLICAR CON PISTOLA PARA DRYWALL.; R-000026-2022;26/05/2022;
3105.90.90.00;K-ENERGY-X6. BIDONES DE 25 LITROS. ABONO; R-000026-2023;13/02/2023;
9405.31.00.00;CORTINAS LUCES MARIPOSA. CAJA POR UNIDAD. ILUMINACIÓN; R-000026-2024;19/01/2024;
8483.90.40.00;PIÑON BOMBA DE ACEITE. UNIDAD. SE UTILIZA PARA IMPULSAR EL ACEITE HACIA EL MOTOR; R-000027-2006;10/01/2006;
3505.10.00.00;ALMIDON PREGELATINIZADO STARCH 1500. TAMBORES DE 50 KILOS.. INSUMO EN LA FABRICACION DE PRODUCTOS FARMACEUTICOS PARA EL CONSUMO HUMANO.; R-000027-2007;9/01/2007;
6403.99.90.00;"¿CALZADO BUBBLEGUMMERS¿. COMO UN CALZADO TIPO ZAPATILLA PARA NIÑO. ZAPATILLA CASUAL O DE USO URBANO;"; R-000027-2008;4/01/2008;
3403.91.00.00;TRUPOFIN CERA P. BIDONES. PARA MEJORAR EL TACTO EN LOS CUEROS ( CEROSO); R-000027-2009;8/01/2009;
3402.11.10.00;WETTING AGENT NI 86 CONC. TAMBORES DE 25 KG. PARA BAÑOS DE NIQUEL, EN LA INDUSTRIA GALVÁNICA; R-000027-2013;24/01/2013;
1904.10.00.00;QUINUA CRISPY. EN ENVASES DE PLÁSTICO. ALIMENTO PARA USO HUMANO; R-000027-2016;3/06/2016;
3923.10.10.00;COPAS VENECIANAS. UNIDADES. PARA EL TRANSPORTE DE ALIMENTOS (FRUTAS, POSTRES, ETC.); R-000027-2019;10/01/2019;
3906.90.90.00;POLICARBOXILATO SUPERPLASTIFICANTE ZX-42A. CILINDRO X 230 KG. REPELER LAS PARTÍCULAS DE CEMENTO; R-000027-2020;30/01/2020;
3824.99.99.99;L´TERUS-AG CAMGBOR. BOLSA 1 KILO. AGRICULTURA; R-000027-2021;11/01/2021;
8467.29.00.00;VIBRADORA DE CONCRETO. MARCA TOYAKI, MODELO TK-957. UNIDADES. PARA COMPACTAR HORMIGÓN; R-000027-2022;25/01/2022;
2106.90.79.00;OMNILIFE AQTÚA SUPREME. EN UNA CAJA DE CARTÓN CON 30 SABORES PLATEADOS DE POLIETILENO. SUPLEMENTO ALIMENTICIO; R-000027-2023;31/01/2023;
3824.99.99.99;AGROCHEM. EN SACOS DE 25 KG. ADITIVO PARA LA APORTACIÓN DE CALCIO EN LOS ABONOS AGRÍCOLAS Y PURIFICACIÓN DE POZAS; R-000027-2024;2/02/2024;
3909.20.10.00;UKORES MEL. TAMBORES DE 120 Y 160 KG. AGENTE DE CARGA EN EL ACABADO RIGIDO DE LOS TAFETANES DE NYLON, MEJORA LA SOLIDES AL LAVA; R-000028-2006;10/01/2006;
9506.70.00.00;ZAPATILLA HEELYS. UNIDADES. PATINAR Y/O CAMINAR; R-000028-2007;9/01/2007;
4011.62.00.00;NEUMATICO NUEVO OTR 14.00-24 20R, MODELO 407 MARCA MARSHAL. UNIDADES. EN VEHCULOS Y MÁQUINAS PARA LA CONSTRUCCIÓN O MINERIA FUERA DE CARRETERA; R-000028-2008;4/01/2008;
8543.70.90.00;MÓDULOS DE DIODOS DE LUZ EN FORMA DE TUBOS, MARCA DMX. UNIDADES. COMO LÁMPARA INTERCAMBIABLES PARA APARATOS DE ALUMBRADO; R-000028-2009;8/01/2009;
3824.90.99.99;11022480 MICA F-8. POLVO FINO. ELABORACIÓN DE PRODUCTOS COSMÉTICOS; R-000028-2013;24/01/2013;
2202.10.00.00;17% JUGO DE CRANBERRY CON MARACUYA DE CONCENTRADO. ENVASES DE 500 ML. BEBIDA DE CONSUMO HUMANO; R-000028-2019;10/01/2019;
3206.49.10.00;MASTERBATCH ROJO (32183ROPE). PELLETS CILINDRICOS. COLORACIÓN DE ARTÍCULOS PLÁSTICOS; R-000028-2020;30/01/2020;
3402.20.00.00;METAL CLEAN FE 12. BOLSAS DE 25 KG. DETERGENTE INDUSTRIAL PARA LA LIMPIEZA DE SUPERFICIES METÁLICAS; R-000028-2021;2/06/2021;
8507.60.00.00;BATERÍA RECARGABLE DE LITIO, MODELO GUOXUAN LIFEP04¿,. UNIDADES. EN SISTEMAS SOLARES, FOTOVOLTAICOS; R-000028-2022;25/01/2022;
2106.90.90.00;FRESUBIN HP ENERGY. BOLSA DE 500 Y 1000 ML. ALIMENTACIÓN POR SONDA; R-000028-2024;16/01/2024;
0402.29.91.00;LECHE MODIFICADA ANCHOR. BOLSAS DE 285 GRAMOS. ALIMENTACIÓN HUMANA; R-000029-2006;9/01/2006;
3507.90.90.00;NEUTRASE B 269. BOLSAS DE PLÁSTICO DE 25 KLOGRAMOS. EN LA INDUSTRIA ALIMENTARIA PARA ABLANDAR EL GLUTEN, EN LA EXTRACCIÓN DEL ALMIDÓN; R-000029-2007;9/01/2007;
0404.10.90.00;SUERO DE LECHE (EXTRA GRADE NON-HYGROSCOPIC SWEET DARY WHEY POWER- F&A). BOLSAS DE 25 KILOS.. EN LA INDUSTRIA DE ALIMENTOS DESTINADO PARA EL CONSUMO HUMANO.; R-000029-2008;3/01/2008;
7410.11.00.00;"""CINTA DE COBRE ELECTROL 25 MM X 0,127 MM"". ROLLOS. UTILIZADO PARA LA FABRICACION DE CABLES ELECTRONICOS..."; R-000029-2010;25/04/2010;
2008.19.90.00;TAMAL CRIOLLO. EMPACADO AL VACIO CONT. 180 GR. CONSUMO HUMANO DIRECTO; R-000029-2013;24/01/2013;
2916.31.90.00;11016330 SOLEX 226. ESTADO LÍQUIDO TRANSPARENTE, INCOLORO Y OLOR FLORAL. INDUSTRIA COSMÉTICA; R-000029-2014;22/01/2014;
3926.90.90.90;PERTIGA TELESCOPICA. UNIDAD. CONEXION O DESCONEXION ELECTRICA; R-000029-2016;14/01/2016;
2106.90.29.00;PARTE 2. KIT PRESENTADO EN TRES PARTES- PARTE 2. FABRICACION DE BEBIDAS; R-000029-2018;31/01/2018;
3824.99.99.99;KIT DE TRES COMPONENTES - PARTE 3. POLVO DE APARIENCIA GRANULAR EN CAJAS.. FABRICACION DE BEBIDAS; R-000029-2018;31/01/2018;
3302.10.90.00;MEZCLA CONCENTRADA PARA BEBIDAS CARBONATADA COLA - PARTE 1.. KIT COMPUESTO POR TRES PARTES.. BEBIDA CARBONATADA COLA/CONFIRMADA POR RTF 01870-A-2019; R-000029-2018;31/01/2018;
6109.90.90.00;BAÑADOR, PARTE SUPERIOR, PARA NIÑOS. UNIDAD. BAÑADOR PARA NIÑOS; R-000029-2019;10/01/2019;
3824.99.99.99;COPOLIMERO DE ETILENO 810-9NT. GRÁNULOS O PELLETS. MEJORAR LAS PROPIEDADES MECÁNICAS DEL PRODUCTO; R-000029-2020;30/01/2020;
3002.90.10.00;PROTEC 4.0. BOLSAS DE 25 KILOGRAMOS.. EN FABRICACIÓN DE ALIMENTOS PARA ANIMALES; R-000029-2021;12/01/2021;
8427.20.00.00;BRAZO TELESCOPICO AUTOPROPULSADO 8605J. UNIDAD. TRABAJOS DIVERSOS EN ALTURA; R-000029-2023;30/03/2023;
2839.90.40.00;HELIO SI-K-FORCE. BIDÓN 1 Y 20 L. AGRÍCOLA; R-000029-2024;16/01/2024;
2850.00.00.00;BORON NITRIDE CC6058. GRANEL. AGENTE DE TEXTURA EN LA INDUSTRIA COSMETICA; R-000030-2006;9/01/2006;
8481.80.90.00;LLAVE DE PASO, MARCA QUALITY, MODELO QVP-12. UNIDADES. EN TUBERÍAS DE CIRCUITOS FRIGORÍFICOS DE EQUIPOS DE REFRIGERACIÓN O AIRE ACONDICIONADO; R-000030-2007;22/01/2007;
6402.99.90.00;"¿CALZADO PARA DAMAS MARCA NORTH STAR¿.. COMO UN CALZADO TIPO ZAPATILLA PARA DAMA, COLOR PLOMO,. COMO UNA ZAPATILLA DE USO URBANO O CASUAL;"; R-000030-2008;4/01/2008;
7606.12.90.00;"""CINTA DE ALUMINIO BIPLACADO 32 MM"". ROLLOS. AISLAMIENTO DE CABLES ELECTRICOS..."; R-000030-2010;25/04/2010;
3402.13.90.00;TUBINGAL FMH. TAMBORES DE 200 LT. SUAVIZANTE TEXTIL PARA APLICACION FULARD, QUE BRINDA TACTO SUAVE PARA CAVADOS DE TEJIDOS; R-000030-2013;24/01/2013;
2001.90.90.00;PARTY TRAY. BANDEJA. CONSUMO HUMANO DIRECTO; R-000030-2014;22/01/2014;
3105.90.90.00;KRISTALON LILAC (KRISTALON LILA). SACOS DE 50 KG. FERTILIZANTE AGRICOLA; R-000030-2015;9/03/2015;
3105.90.90.00;KRISTALON LILAC (KRISTALON LILA). SACOS 25 KG. FERTILIZANTE AGRÍCOLA; R-000030-2015;9/03/2015;
3105.90.90.00;KRISTALON LILAC (KRISTALON LILA). SACOS DE 1 200 KG. FERTILIZANTE AGRICOLA; R-000030-2015;9/03/2015;
3824.90.32.00;KLARAID PC2700L. TAMBORES DE 242 KG. CLARIFICACION DE AGUAS RESIDUALES.; R-000030-2016;22/01/2016;
3305.10.00.00;RESOLUCIÓN ANTICIPADA - SHAMPOO INTENSE REPAIR - ROYAL HONEY & MELON. EN ENVASES DE CAPACIDAD ENTRE: 10 ML HASTA 1200 ML.. PARA LIMPIAR EL CUERO CABELLUDO; R-000030-2019;10/01/2019;
3824.99.99.99;POLIPROPILENO REFORZADO CON CARBONATO DE CALCIO 112-3BL. GRÁNULOS O PELLETS. SILLAS Y MESAS; R-000030-2020;30/01/2020;
3824.99.99.99;BIOFLORA® MANGANESE 4%. TANQUE DE 200 GALONES. ABONO; R-000030-2023;13/02/2023;
3907.29.30.00;POLYTHERM 42 D. LÍQUIDO ENVASADO EN CILINDROS Y TAMBORES. ADHESIVO DE PU TIPO ESPUMA DE DOS COMPONENTES; R-000030-2024;9/02/2024;
5810.99.00.00;TEJIDO CREPE DE SEDA CON BORDADO. ROLLOS DE 1,05 Y 1,20 M DE ANCHO. INDUSTRIA DE LA CONFECCIÓN.; R-000031-2006;9/01/2006;
1806.31.00.00;"CHOCOLATE ¿DAIRY MILK CARAMEL¿ MARCA CADBURY. COMO UN CHOCOLATE EN FORMA DE BARRA RECTANGULAR CON ENVOLTURA DE PAPEL ALUMINIO, CON PESO. PRODUCTO PARA CONSUMO HUMANO EN FORMA DIRECTA;"; R-000031-2007;9/01/2007;
3506.10.00.00;LOCTITE 454 PRISM INSTANT ADHESIVE, SURFACE INSENSITIVE GEL, CODIGO 45440. UNIDADES. ADHESIVO INSTANTÁNEO EN GEL MULTIPROPÓSITOS; R-000031-2008;4/01/2008;
3207.10.00.00;ADITIVO A-577. EN ENVASES BIG BAG. PREPARACIÓN ENGOBE PARA LA INDUSTRIA CERAMICA; R-000031-2013;24/01/2013;
9019.10.00.00;MASAJEADOR DE DISPOSITIVO DE IONES, MARCA UNIQUE, MODELO G-104 ION DEVICE. UNIDADES. MASAJE DE PIEL Y PARA ABSORCIÓN; R-000031-2015;24/02/2015;
3824.90.99.99;44MAG. EN BIDONES.. AGRÍCOLA; R-000031-2016;22/01/2016;
3209.10.00.00;OPEX EMBORRACHAMENTO (130075000). ENVASE METÁLICO DE 0.9000 L. PARA PROTEGER LA CORROSIÓN DEL VEHÍCULO.; R-000031-2019;10/01/2019;
3206.49.10.00;MASTERBATCH ROJO (32135ROPE). PELLETS CILÍNDRICOS. COLORACIÓN DE ARTÍCULOS PLÁSTICOS; R-000031-2020;30/01/2020;
2309.10.10.00;BLEIZ CAJA X 12 SOBRES DE 50 G. CAJA CON 12 SOBRES DE 50 G. ALIMENTO PARA PERROS; R-000031-2021;11/01/2021;
3105.90.90.00;I-BIGGER. ENVASES DE 200 Y 1000 LITROS. ABONO; R-000031-2023;13/02/2023;
3002.49.90.00;PONDTOSS PREMIX. PRESENTACIÓN DE 1 KILO EN 4 FUNDAS BIODEGRADABLES DE 250GR C/U. DEGRADAR DESECHOS ORGÁNICOS; R-000031-2024;2/02/2024;
3809.91.00.00;TUBINGAL NPJ. LÍQUIDO. EN INDUSTRIA TEXTIL COMO AGENTE AUXILIAR DE TRATAMIENTO POSTERIOR EN APRESTO DE TEJIDOS; R-000032-2006;9/01/2006;
9018.31.20.00;DOSIFICADOR JERINGA ORAL 5 ML.. UNIDADES.. APLICADOR POR VIA ORAL DE MEDICAMENTOS LIQUIDOS.; R-000032-2007;9/01/2007;
5515.12.00.00;SUEDE SILK. ROLLOS. EN LA INDUSTRIA TEXTIL; R-000032-2008;8/01/2008;
3403.99.00.00;"""STRUKTOL WB 16"". BOLSAS DE 25 KILOS. LUBRICANTE INTERNO, MEJORADOR DE FLUIDEZ EN LA INDUSTRIA DEL CAUCHO"; R-000032-2010;26/01/2010;
3909.40.00.00;RESINA NOVASET 760/P. TAMBORES DE 240 KG. INDUSTRIAL; R-000032-2013;24/01/2013;
8704.21.10.90;¿CITY 2.0¿ MARCA JMC, MODELO CITY 2.0. UNIDADES. TRANSPORTE DE MERCANCÍAS DIVERSAS; R-000032-2014;22/01/2014;
3105.90.90.00;KRISTALON AZUR (KRISTALON AZUL CELESTES). SACOS DE 25 KG. AGRÍCOLA FERTILIZANTE; R-000032-2015;23/03/2015;
3105.90.90.00;KRISTALON AZUR (KRISTALON AZUL CELESTES). SACOS DE 1,200 KG. AGRÍCOLA FERTILIZANTE; R-000032-2015;26/03/2015;
3105.90.90.00;KRISTALON AZUR (KRISTALON AZUL CELESTES). SACOS DE 50 KG. AGRÍCOLA FERTILIZANTE; R-000032-2015;26/03/2015;
3808.92.19.00;EVERFRUIT. PRESENTADO EN SOBRE TIPO ¿SACHET¿.. FUNGICIDA BIOLÓGICO PRODUCIDO POR CEPAS DE MICROORGANISMOS, PRESENTADO EN ENVASE PARA SU V; R-000032-2016;4/02/2016;
3204.17.00.00;MASTERBATCH ROJO (32173ROPE). GRÁNULOS O PELLETS. MATERIA COLORANTE EN ARTÍCULOS DE PLÁSTICO.; R-000032-2020;30/01/2020;
2309.90.90.00;NUTRACAL BOLSA X 25 KG. BOLSA 25 KG. ALIMENTACION DE RUMIANTES; R-000032-2021;11/01/2021;
3101.00.90.00;KELP WAY AMINO. ENVASES DE 20 Y 200 LITROS. AGRICULTURA; R-000032-2022;31/01/2022;
3907.29.30.00;POLYTHERM 146 D. LÍQUIDO ENVASADO EN CILINDROS Y TAMBORES. COMO AISLAMIENTO DE ESPUMA DE PU; R-000032-2024;9/02/2024;
2202.10.00.00;"BEBIDA CON SABOR A FRUTA CITRICA ¿MACARENA"". ENVASE PLASTICO DE 600 ML, LIQUIDO MARRÓN, SABOR AGRADABLE. BEBIDA NO ALCOHÓLICA CARBONATADA"; R-000033-2006;11/01/2006;
9029.10.90.00;¿COMPUTADOR DE ABORDO, MODELO DG-512¿ , MARCA FULL-MAR. UN APARATO ELECTRÓNICO DE FORMA RECTANGULAR, CON DIMENSIONES: LARGO 150 MM, ALTO. AUMENTAR LA PRODUCTIVIDAD Y LA SEGURIDAD EN EL TRANSPORTE; R-000033-2007;9/01/2007;
3402.19.90.00;¿CD-32¿.. EN SACOS DE 50 LIBRAS, COMO UN POLVO COLOR CANELA CLARO, OLOR SUAVE,. UTILIZADO EN LA INDUSTRIA DE CEMENTACIÓN DE POZOS PETROLEROS, COMO DISPERSANTE PARA CEMENT; R-000033-2008;4/01/2008;
3206.49.99.00;11055455 STAR NOBLE SPARKS. A GRANEL. PIGMENTO PARA COSMETICOS; R-000033-2013;24/01/2013;
3924.90.00.00;ESPONJA KONJAC. UNIDAD. PARA LIMPIAR PROFUNDAMENTE, DESINTOXICAR, HIDRATAR Y BALANCEAR LA PIEL.; R-000033-2015;20/02/2015;
3402.90.99.00;11007490 BLEND-60SF. LÍQUIDO VISCOSO. AGENTE ELABORACIÓN DE COSMÉTICOS; R-000033-2019;14/01/2019;
3403.99.00.00;CONCENTRADO DESLIZANTE 723-3NT. GRÁNULOS O PELLETS. DISMINUYE EL COEFICIENTE DE FRICCIÓN DE LOS ARTÍCULOS DE PLÁSTICO INYECTADAS DE POLIPROP.; R-000033-2020;30/01/2020;
2934.10.90.00;HEXYTHIAZOX 98% TC - AGRICOLA. TAMBOR 25 KG. AGRICOLA; R-000033-2021;11/01/2021;
3808.94.19.00;ECADERM. EN FRASCO(S) 120 ML, 130 ML, 500 ML, 750 ML, 2 LITROS Y GALONERAS DE 3.8 LITROS. PARA LA DESINFECCIÓN COMPLETA DE CUALQUIER SUPERFICIE INERTE COMO PISOS; R-000033-2022;27/03/2022;
3907.20.30.00;DVV 6003.1 POLIOL EXPERIMENTAL. BIDONES. EN LA FABRICACIÓN DE ESPUMAS DE POLIURETANO; R-000034-2006;11/01/2006;
5603.92.00.00;ENTRETELA NO TEJIDA.. ROLLOS DE 1.12 METROS DE ANCHO.. EN LA INDUSTRIA TEXTIL, PARA BORDADO, ETC.; R-000034-2007;9/01/2007;
2840.20.00.00;AQUAMASTER B. BOLSAS DE 1 KG. AGRICOLA; R-000034-2008;8/01/2008;
2008.19.90.00;DELICIA DE CHOCLO. EMPAQUE AL VACIO CONT. 200 GR. CONSUMO HUMANO LUEGO DE CALENTAR POR UN MINUTO APROXIMADAMENTE; R-000034-2013;24/01/2013;
4805.25.00.90;PAPEL CORRUGADO MEDIO. BOBINAS. CARTON PARA CORRUGAR; R-000034-2014;24/01/2014;
1904.90.00.00;QUINUA MIX -MANGO, PALMITO Y PIQUILLO. ENVASE DE 210 G. ALIMENTACIÓN; R-000034-2016;22/01/2016;
8536.50.19.00;SWITCH TACTIL, DE 6X6 MM.. PIEZAS. EN ELECTRÓNICA; R-000034-2018;26/01/2018;
3105.51.00.00;FERTILIZANTE COMPUESTO QUIMICO NPK 23-22-0. EN SACOS DE 25 KG, 50 KG Y BIG BAG DE 1 TM Y 1.25 TM.. AGRÍCOLA; R-000034-2019;14/01/2019;
3206.49.10.00;MASTERBATCH AMARILLO (30087AMPP). PELLETS CILÍNDRICOS. COLORACIÓN DE ARTÍCULOS PLÁSTICOS; R-000034-2020;30/01/2020;
1704.10.10.00;CHICLE 12S MENTA. EN CAJA DE CARTÓN. CONSUMO HUMANO; R-000034-2022;27/03/2022;
2008.11.90.00;MANI TOSTADO ENTERO CON PIEL. EN BOLSA. CONSUMO; R-000034-2023;30/03/2023;
3214.10.10.00;SIKAFLEX 2C NS. ENVASES DE UN GALÓN. SELLANTE ELÁSTICO; R-000035-2006;18/01/2006;
1702.50.00.00;FRUCTOSA COMPRESION DIRECTA.. TAMBORES DE 100 KILOS.. INSUMO PARA FABRICACION DE PRODUCTOS FARMACEUTICOS PARA CONSUMO HUMANO.; R-000035-2007;9/01/2007;
6307.90.30.00;RESPIRADOR (MASCARILLA) 3M 8210. UNIDADES. PARA PROTECCIÓN DE POLVO DE PERSONAL DE LIMPIEZA, LABORATORIO, ETC; R-000035-2008;4/01/2008;
2933.39.90.00;11002890 CASPIX. POLVO FINO. AGENTE ANTICASPA USADO EN LA PREPARACIÓN DE SHAMPOO; R-000035-2013;24/01/2013;
8528.59.00.00;¿PANTALLAS LED, MARCA: BES-LED, MODELO: P5.33¿. UNIDADES. SE UTILIZA PARA PUBLICIDAD EXTERIOR; R-000035-2016;22/01/2016;
8415.10.10.00;EQUIPO DE AIRE ACONDICIONADO PORTATIL, MODELO AAP-128F, MARCA MIRAY. EN CAJAS DE CARTÓN CONTENIENDO UNA UNIDAD. EQUIPO DE AIRE ACONDICIONADO PORTATIL; R-000035-2018;31/01/2018;
2309.90.20.00;ADVANTAGE TM TERMINACION. SPN MODIFICADA CON RD 129-2019. BOLSAS DE 25 KG. SUPLEMENTO PARA SER INCLUIDO EN ALIMENTOS PARA CERDOS; R-000035-2019;14/01/2019;
5407.69.00.00;TELA POLYESTER FABRIC HQ294. ROLLOS. TAPICERIA; R-000035-2020;30/01/2020;
3814.00.90.00;XILODENT. FRASCO VIDRIO 20 ML. DISOLVENTE EN ODONTOLOGÍA; R-000035-2022;28/01/2022;
6310.10.90.00;TRAPO DE LIMPIEZA DE RECORTES. RETAZOS DE TELA. TRAPOS PARA LIMPIEZA; R-000035-2024;9/02/2024;
3824.90.99.99;11007240 MASTERGEL RCM - 1357. GEL SEMISOLIDO, BLANQUECINO, OPACO. INDUSTRIA COSMETICA, ELABORACIÓN DE ILUMINADORES FACIALES; R-000036-2006;11/01/2006;
8419.89.99.00;BAÑOS DE AGUA. TANQUES DE UNA SOLA PIEZA DE ACERO INOXIDABLE CON CAP PARA 14 LTS. COMO EQUIPO DE LABORATORIO, PARA INCUBACION DE COLIFORMES FECALES Y OTROS.; R-000036-2007;9/01/2007;
6404.11.20.00;CALZADO MARCA NORTH STAR. PARES. CALZADO URBANO, PARA CAMINATAS, ENTRETENIMEINTO, ETC; R-000036-2008;8/01/2008;
3811.21.90.00;LIOVAC MR 3090. LIQUIDO. ADITIVO PARA LUBRICANTES; R-000036-2013;24/01/2013;
3910.00.90.00;11018540 G-SIL X. EN PASTA. INDUSTRIA COSMETICA COMO AGENTE ACONDICIONAR - OCLUSIVO; R-000036-2014;24/01/2014;
2106.90.79.00;FINARTRIT POLVO. CAJA POR 30 SOBRES DE PLÁSTICO DE 4.5 G. SUPLEMENTO DIETÉTICO; R-000036-2015;30/01/2015;
2620.99.00.00;CARBON FINO CONTENIENDO METALES PRECIOSOS. SACOS BIG BAG DE 1 TONELADA MÉTRICA. RECUPERACIÓN DE METALES PRECIOSOS; R-000036-2016;17/03/2016;
9504.30.90.00;MAQUINA CAZA PELUCHES Y EXPENDEDORA. TOY CRANE MACHINE. MINI CASA WMH-1565.. UNIDADES. MAQUINA CAZA PELUCHES Y EXPENDEDORA; R-000036-2018;26/01/2018;
2309.90.90.00;BIOPLEX TM TR CERDOS. BOLSAS DE 25 KG. SUPLEMENTO NUTRRICIONAL DESTINADO PARA LA ALIMENTACIÓN DE CERDOS.; R-000036-2019;14/01/2019;
5407.61.00.00;TELA PLYESTER FABRIC HQ625. ROLLOS. TAPICERIA DE MUEBLES; R-000036-2020;30/01/2020;
9503.00.10.00;SCOOTER ELÉCTRICO. KAI-ZL- 07F. UNIDADES. SCOOTER ELÉCTRICO; R-000036-2021;13/01/2021;
2009.89.90.00;LECHE DE COCO 100% VEGETAL. BOLSA ALUMINIZADA DE 3 KILOGRAMOS. ALIMENTACIÓN HUMANA; R-000036-2022;31/01/2022;
3923.10.90.00;RECIPIENTES TERMICOS DE POLIESTIRENO EXPANDIDO. PAQUETES. ENVASES PARA EL TRANSPORTE; R-000036-2023;13/02/2023;
9405.31.00.00;CORTINA DE LUCES NAVIDEÑA. CAJA POR UNIDAD. ILUMINACIÓN DECORATIVA; R-000036-2024;19/01/2024;
4602.10.00.00;PERSIANA DE BAMBU MODELO 2000000801360. ARTICULO. SE UTILIZA COMO PERSIANA; R-000037-2006;11/01/2006;
8419.89.99.00;INCUBADORAS MILTIPROPOSITOS. UNIDADES. ES UTILIZADA EN LABORATORIOS MÉDICOS, QUÍMICOS, ETC.; R-000037-2007;9/01/2007;
6402.99.90.00;CALZADO NEW YORK. PARES. COMO ZAPATILLA DE USO URBANO O CASUAL PARA CABALLEROS; R-000037-2008;4/01/2008;
3919.10.00.00;¿CINTA ANTIDESLIZANTE¿ MARCA ALTE. SE PRESENTA EMBALADO EN CAJAS,. UTILIZADA PARA EVITAR CAÍDAS; R-000037-2009;14/01/2009;
8301.30.00.00;CHAPAS PARA MUEBLES. UNIDAD. SE UTILIZA EN MUEBLES: ARMARIOS, TOCADORES, ESCRITORIOS, ETC; R-000037-2013;24/01/2013;
3906.90.21.00;11022610 CRIL 6. EN POLVO BLANCO, INODORO. INDUSTRIA DE COSMÉTICOS COMO AGENTE ESTABILIZADOR DE EMULSIONES; R-000037-2014;24/01/2014;
8516.21.00.00;"""TERMORADIADOR MODELO OFR7AO"". UNIDADES.. CALENTAMIENTO DE AMBIENTES DE HASTA 32 METROS CUADRADOS."; R-000037-2016;26/01/2016;
2106.90.71.00;MOVIARTRIT. CAPSULAS BLANDAS. COADYUVANTE EN EL TRATAMIENTO DE ENFERMEDADES OSTEOARTROSICAS. MEJORA EL MECANISMO DE RECU; R-000037-2017;3/10/2017;
2309.90.90.00;NUPRO. BOLSAS DE 25 KG. SUPLEMENTO NUTRICIONAL PARA ALIMENTOS DE GANADO BOVINO, AVES, CERDOS, ETC.; R-000037-2019;14/01/2019;
9506.99.90.00;BRAZOS INFLABLES TROPICAL BUDDIES 23 CM X 15 CM, MARCA: INTEX. UNIDADES. JUEGO PARA NIÑOS DE 3 A 5 AÑOS.; R-000037-2020;30/01/2020;
3824.99.99.99;BOOSTER. BOTELLA DE 1 LITRO. AGRICULTURA; R-000037-2022;31/01/2022;
3101.00.90.00;PRIMTAL WF. ENVASE DE: 1, 5, 20 Y 200 LITROS. FERTILIZANTE. APTO PARA TODO TIPO DE CULTIVO, TANTO HORTÍCOLA; R-000037-2023;13/02/2023;
3002.15.10.00;VECTIBIX 20MG/ML. CAJA DE CARTÓN CON VIAL DE VIDRIO TIPO I INCOLORO 5ML Y 20ML. MEDICAMENTO INDICADO PARA EL TRATAMIENTOS DE PACIENTES ONCOLOGICOS; R-000037-2024;18/01/2024;
9018.39.00.90;BOLSA FREKA MIX DE 3000 ML CON EQUIPO DE LLENADO. BOLSA DE MATERIA PLÁSTICA. . PARA SUMINISTRAR A PACIENTES NUTRICION PERENTAL TOTAL; R-000038-2006;11/01/2006;
9602.00.10.00;"CAPSULA DURA DE GELATINA Nº 3, ANARANJADO/ANARANJADO, CODIGO 14-117"". CAPSULA VACIA. EN LA INDUSTRIA FARMACEUTICA, PARA ENVASAR MEDICAMENTOS."; R-000038-2007;9/01/2007;
4011.94.00.00;NEUMATICO MARCA BRIDGESTONE,MODELO VSMS**D2A. UNIDADES. TRABAJOS EN MINERIA SUBTERRANEA MINERIA A TAJO ABIERTO Y CANTERAS P CARGADORES Y TOPADORAS; R-000038-2009;14/01/2009;
3105.10.00.00;FERTIUM MAXIMA KUALIUM. BOTELLAS DE 1 LITRO (1.4 KG). AGRICULTURA; R-000038-2013;24/01/2013;
3004.90.29.00;LIMONADA PURGANTE EVAKUA. FRASCO X 200 ML.. ESTREÑIMIENTO CRÓNICO3004902900; R-000038-2016;4/02/2016;
3105.90.90.00;SULFATO DE MAGNESIO Y POTASIO O POLYSULPHATE (EN PROCESO DE APELACIÓN). GRANEL. ABONO; R-000038-2017;19/01/2017;
2309.90.20.00;ACID-PAK-4-WAY(TM)-2X. EN BOLSAS DE 25 KG.. ADITIVO ACIDIFICADOR ORGÁNICO UTILIZADO PARA SUMINISTRAR EN EL AGUA DE BEBIDA DEL GANADO Y; R-000038-2019;14/01/2019;
9506.99.90.00;CHALECO INFLABLE TROPICAL BUDDIES, MARCA INTEX. UNIDAD. EN AGUA PARA NIÑOS DE 3 A 5 AÑOS BAJO SUPERVISIÓN.; R-000038-2020;30/01/2020;
3923.10.90.00;CONTENEDOR TERMICO 6 MAX. EMPAQUE POR 50 UNIDADES. ENVASE O TRANSPORTE DE ALIMENTOS; R-000038-2022;29/01/2022;
8527.13.00.00;AUDIFONO¿ MARCA: MIRAY, MODELO: AM-17BT-N. UNIDAD. COMERCIAL; R-000038-2023;10/02/2023;
2917.32.00.00;PLASTIFICANTE DOP. ESTADO LIQUIDO. SE UTILIZA EN LA INDUSTRIA COMO PLASTIFICANTE DE POLÍMEROS; R-000039-2006;11/01/2006;
3814.00.00.00;CRC CLEAN R CARB. EN UN RECIPIENTE DE FORMA CILINDRICA (LATA) CON VALVULA AEROSOL. EN LA LIMPIEZA DE CARBURADORES AUTOMOTRICES; R-000039-2007;9/01/2007;
3506.10.00.00;""" CEMENTO PARA PVC"". FRACO METALICO DE 118 ML. UNION DE TUBOS Y CONEXIONES DE PVC DE ALTA Y BAJA PRESION..."; R-000039-2010;25/04/2010;
2917.39.90.00;1100762 LIP TT. A GRANEL. IND. COSMÉTICA,AGENTE ACONDICIONADOR OCLUSIVO EN LÁPIZ LABIAL CON BRILLO.; R-000039-2013;4/02/2013;
5603.94.00.00;RINFORZO 0.7/ST. EN ROLLOS. ANTIDESLIZANTE PARA TALON DE CALZADO; R-000039-2014;3/02/2014;
7325.99.00.00;"""SUMIDERO CIRCULAR"". UNIDADES.. EN COCINAS, BAÑOS, LAVANDERÍAS, ETC."; R-000039-2016;19/01/2016;
8211.10.00.00;TABLA CON CUCHILLOS Y TIJERAS MAXI. SET X 5 PIEZAS. PARA USO DOMÉSTICO; R-000039-2017;24/01/2017;
2309.90.90.00;MYCOSORB A+. BOLSAS DE 25 KG.. COMO SUPLEMENTO NUTRICIONAL Y ADSORBENTE DE MICOTOXINAS PARA ALIMENT. DE BOVINOS, CABALLOS; R-000039-2019;14/01/2019;
9506.99.90.00;FLOTADOR DE SILLA, MARCA: INTEX. UNIDADES. SOLO EN AGUA, PARA NIÑOS Y ADULTOS.; R-000039-2020;30/01/2020;
8703.80.90.20;MOTOCICLETA ELÉCTRICA DE TRES RUEDAS CABINA CERRADA. UNIDAD. TRANSPORTE DE PASAJEROS; R-000039-2023;10/02/2023;
3002.15.90.00;TALTZ 80 MG/ML. SOLUCION INYECTABLE,CAJA DE CARTÓN CONTENIENDO 1,2 O 3 JERINGAS PRELLENADAS O INYECTOR. MEDICAMENTO INDICADO PARA EL TRATAMIENTOS DE PACIENTES CON PSORIASIS, VARIOS; R-000039-2024;18/01/2024;
2827.49.10.00;11001930 ANTIPERSP 50%. GRANEL. FABRICACIÓN DE DESODORANTES CORPORALES; R-000040-2006;11/01/2006;
3919.10.00.00;CINTA REFLECTANTE. ROLLOS DE 25 MM Y 5 M. COMO SINTA REFLECTIVA; R-000040-2009;16/01/2009;
6804.22.00.00;""" DISCO ABRASIVO DW44530/DW44560/DW44600"". UNIDAD. SE UTILIZA PARA CORTE DE METAL ..."; R-000040-2010;25/04/2010;
2917.19.20.00;11002630 ANTIOX AP. A GRANEL. AGENTE ANTIOXIDANTE USADO EN LA ELABORACIÓN DE PRODUCTOS COSMETICOS; R-000040-2013;18/02/2013;
3916.90.00.00;TERMOGI 202. ROLLOS. INDUSTRIA DEL CALZADO PARA ENFRANQUES; R-000040-2014;28/01/2014;
3402.12.90.00;11002390 KERA-HL2. LIQUIDO CLARO.. COMO INGREDIENTE PARA LA ELABORACIÓN DE PRODUCTOS COSMÉTICOS PARA EL CABELLO.; R-000040-2015;20/02/2015;
3926.90.90.90;L-SHAPE FRAME CLIP STAND L. UNIDAD. ACCESORIO PARA SOPORTE DE MARCO; R-000040-2016;10/02/2016;
3824.99.99.99;PELBEN 36 RED GSP-1, GRANULADO (ADITIVO PARA DERGENTES Y JABONES). A GRANEL. ADITIVO FUNCIONAL Y VISUAL EN LA FABRICACIÓN DE DETERGENTES Y JABONES; R-000040-2019;14/01/2019;
9506.99.90.00;FLOTADOR LLANTA GIGANTE, MARCA: INTEX. UNIDADES. SÓLO EN AGUA, PARA ADULTOS; R-000040-2020;30/01/2020;
4202.92.00.00;BOLSA DE ALMACENAMIENTO AL VACÍO PARA ROPA. MARCA: IONLUX HOME. UNIDADES. ALMACENAR ROPA EN GUARDARROPAS, ARMARIOS, GARAJES, SÓTANOS, LOFTS (DESVANES) Y MALETAS; R-000040-2021;14/01/2021;
3824.99.99.99;NUTRIBOR. ENVASES DE 15 KILOGRAMOS. AGRICULTURA; R-000040-2022;2/02/2022;
8705.90.90.00;CAMIÓN ELÉCTRICO DE FERIA . POLLY. UNIDADES. PREPARACIÓN, SUMINISTRO Y VENTA DE DIVERSOS ALIMENTOS; R-000040-2023;29/01/2023;
3004.20.19.00;PRETOMANID 200 MG. EN TABLETAS. MEDICAMENTO; R-000040-2024;2/02/2024;
2620.99.00.00;OXIDO DE ESTAÑO. GRANEL. RECUPERACIÓN DE ESTAÑO METALICO; R-000041-2006;11/01/2006;
2827.49.10.00;POLICLORURO DE ALUMINIO (POLYMERIC ALUMINIUM CHLORIDE). BOLSAS. TRATAMIENTO DE AGUA POTABLE; R-000041-2008;8/01/2008;
6804.22.00.00;"""DISCO ABRASIVO DW44540/DW44580/DW44610"". UNIDAD. SE UTILIZA PARA PULIDO ( DESBASTE) DE METAL..."; R-000041-2010;25/04/2010;
2835.10.00.00;FERTIUM PK. LÍQUIDA. AGRÍCOLA; R-000041-2013;4/02/2013;
3105.90.90.00;KRISTALON ORANGE (KRISTALON NARANJA). SACOS DE 1 200 KG. FERTILIZANTE AGRICOLA; R-000041-2015;9/03/2015;
3105.90.90.00;KRISTALON ORANGE (KRISTALON NARANJA). SACOS DE 50 KG. FERTILIZANTE AGRICOLA; R-000041-2015;9/03/2015;
3105.90.90.00;KRISTALON ORANGE (KRISTALON NARANJA). SACOS DE 25 KG. FERTILIZANTE AGRICOLA; R-000041-2015;9/03/2015;
1904.90.00.00;QUINUA MIX. PACK FORMADO POR DOS ENVASES. CONSUMO HUMANO; R-000041-2016;26/01/2016;
1904.10.00.00;HOJUELAS DE AVENA TRADICIONAL/FAMILIAR. BOLSAS DE 25 KG. ALIMENTACIÓN HUMANA; R-000041-2019;14/01/2019;
9503.00.99.00;FLOTADOR ARO CARS, MARCA: INTEX. UNIDADES. JUGUETE PARA NIÑOS DE 3 A 5 AÑOS, PARA FLOTAR EN EL AGUA; R-000041-2020;30/01/2020;
3808.94.99.00;INBAC-MDA-01. ENVASE DE 5 O 25 KG. ACCION BACTERIOSTATICA EN ALIMENTOS ELABORADOS; R-000041-2021;15/01/2021;
3502.20.00.00;WHEY PROTEIN SABOR NEUTRO. LATA 275 G, SOBRES 6.6 G. PRODUCTO DIETETICO; R-000041-2022;31/01/2022;
6403.91.90.00;BOTA DE SEGURIDAD - MIDELO 777 - MARCA TONJER INDUSTRIAL. PAR. BOTA INDUSTRIAL; R-000041-2023;17/02/2023;
3002.15.10.00;XGEVA 120 MG/ML. SOLUCION INYECTABLE,CAJA DE CARTÓN CONTENIENDO 1 VIAL VIDRIO TIPO I INCOLORO POR 1.7ML. MEDICAMENTO INDICADO PARA EL TRATAMIENTOS DE PACIENTES ONCOLOGICOS; R-000041-2024;18/01/2024;
5810.92.00.00;TELA BORDADA. ROLLOS DE 1,50 M DE ANCHO. . INDUSTRIA TEXTIL; R-000042-2006;11/01/2006;
3920.49.00.00;"¿CANTOS PLASTICOS PVC PROADEC -PROCLASSIC¿. EN ROLLOS COMO CINTAS O TIRAS DE MATERIA PLÁSTICA NO CELULAR, SIN REFUERZO DE 22 MM DE ANC. ES UTILIZADO COMO TAPACANTOS PARA CANTOS DE MUEBLES;"; R-000042-2008;22/01/2008;
8705.10.00.00;""" CAMI0N GRUA CON CABLE"". VEHICULO CON 06 EJES RODANTE. TRABAJO EN ZONAS DE GASEODUCTOS"; R-000042-2010;23/04/2010;
3824.90.99.99;XILATO OXI. ENVASE DE 1 LITRO. CORRECTOR DE CARENCIAS EN CULTIVOS; R-000042-2013;4/02/2013;
3105.90.90.00;KRISTALON GREEN LABEL (KRISTALON ETIQUETA VERDE). SACOS DE 1 200 KG. FERTILIZANTE AGRICOLA; R-000042-2015;9/03/2015;
3105.90.90.00;KRISTALON GREEN LABEL (KRISTALON ETIQUETA VERDE). SACOS DE 25 KG. FERTILIZANTE AGRICOLA; R-000042-2015;9/03/2015;
3105.90.90.00;KRISTALON GREEN LABEL (KRISTALON ETIQUETA VERDE). SACOS DE 50 KG. FERTILIZANTE AGRICOLA; R-000042-2015;9/03/2015;
8518.22.00.00;"""PARLANTE WIFI PROFESSIONAL"", MARCA BARETONE, MODELO MAX15RH-WF. UNIDADES.. PARLANTE REPRODUCTOR DE SONIDO DE VARIAS FUENTES."; R-000042-2016;26/01/2016;
2202.10.00.00;5% JUGO DE CRANBERRY GREE TEA. BOTELLA PET DE 500 ML. BEBIDA DE CONSUMO HUMANO; R-000042-2019;14/01/2019;
3824.99.99.99;RESIDEX YELLOW. LÍQUIDO. COMO AGENTE DE AGREGACIÓN DE POLVO, A LOS FERTILIZANTES GRANULADOS.; R-000042-2020;30/01/2020;
4411.13.00.00;TABLERO DE FIBRAS DE MADERA -MDF. TABLERO. FABRICACIÓN DE MUEBLES, PUERTAS, ETC.; R-000042-2021;15/01/2021;
2104.10.10.00;MAGGY CREMA DE ESPÁRRAGOS. SOBRE DE 66 GR. ALIMENTACION HUMANA; R-000042-2022;27/02/2022;
7318.15.90.00;TORNILLO Y CASQUILLO DE ACOPLAMIENTO VOLVO. CODIGO ROBIEL 140.01.06. UNIDADES. FIJAR LAS LAINAS (CUCHILLAS) DE CARDAN LA MISMA QUE SE ENCARGA DE LA TRANSMISIÓN DE FUERZA; R-000042-2023;29/01/2023;
9503.00.99.00;LIBRO SENSORIAL POP IT UNICORNIOS. UNIDAD. PARA ENTRETENER; R-000042-2024;18/01/2024;
3808.40.90.00;ADUCIDE EB (BIOCIDA-FUNGICIDA). BIDON DE PLASTICO DE 70 KG. IMPIDE EL DESARROLLO DE MICROORGANISMOS Y HONGOS EN LOS CUEROS DURANTE SU ALMACENAJE; R-000043-2006;11/01/2006;
3808.92.10.00;AQUAMASTER COBRE. BOLSAS DE 1 KG. AGRICOLA; R-000043-2008;8/01/2008;
8543.70.90.00;"""WIFF E-CIGARETTE"". CAJA DE CARTON. USADO COMO CIGARRILLO SIN TABACO PARA USO MEDICO..."; R-000043-2010;25/04/2010;
3206.49.99.00;11055845 MIRAZUL. POLVO. INDUSTRIA COSMÉTICA; R-000043-2013;4/02/2013;
7019.59.00.00;RECUBRIMIENTOS MERMET T SCREEN. ROLLOS DE 30 YARDAS (27 METROS).. EN PERSIANAS DE INTERIORES.; R-000043-2014;31/01/2014;
3105.90.90.00;KRISTALON YELLOW (KRISTALON AMARILLO). SACOS DE 1 200 KG. FERTILIZANTE PARA USO AGRÍCOLA; R-000043-2015;9/03/2015;
3105.90.90.00;KRISTALON YELLOW (KRISTALON AMARILLO). SACOS DE 50 KG. FERTILIZANTE PARA USO AGRÍCOLA; R-000043-2015;9/03/2015;
3105.90.90.00;KRISTALON YELLOW (KRISTALON AMARILLO). SACOS DE 25 KG. FERTILIZANTE PARA USO AGRÍCOLA; R-000043-2015;9/03/2015;
3006.40.10.00;COLTOSOL. CAJA DE CARTÓN CONTENIENDO UN POMO DE 38 GR. CIERRE PROVISIONAL DE ENDODONCIA DENTAL; R-000043-2017;27/01/2017;
2009.71.00.00;100% JUGO DE MANZANA DE CONCENTRADO. BOTELLA PET DE 500 ML. BEBIDA DE CONSUMO HUMANO; R-000043-2019;14/01/2019;
9506.99.90.00;FLOTADOR BRAZO CARS, MARCA: INTEX. UNIDAD. EN PISCINA, PARA FLOTAR EN EL AGUA; R-000043-2020;30/01/2020;
8711.60.00.00;"""SCOOTER ELÉCTRICO DE BALANCE¿, MARCA SMART BALANCE, MODELO: ONIX. UNIDADES. DESPLAZAMIENTO Y ENTRETENIMIENTO, PUEDE SER USADO POR ADULTOS Y NIÑOS"; R-000043-2021;14/01/2021;
1602.49.00.00;LOMO DE CERDO ROSBIF DESHUESADO. ENVASE. ALIMENTACIÓN HUMANA; R-000043-2023;17/02/2023;
2202.10.00.00;OMNILIFE KOLINA SUPLEMENTO ALIMENTICIO. BOTELLA PLASTICA DE 200 ML.. SE UTILIZA COMO BEBIDA DE CONSUMO HUMANO DIRECTO; R-000044-2006;11/01/2006;
6004.10.00.00;TEJIDO DE LYCRA. SE PRESENTA EN ROLLOS DE ANCHO SUPERIOR A 30 CM. ES USADO EN LA INDUSTRIA DE LAS CONFECCIONES; R-000044-2008;10/01/2008;
6403.91.90.00;"""CATERPILLAR BARRISON-VELCRO"". PAR. CALZADO PARA DAMA"; R-000044-2010;23/04/2010;
3824.90.99.99;RADISOL HUMIC. RECIPIENTES DE 20 LITROS. INDUSTRIA AGRÍCOLA; R-000044-2013;4/02/2013;
2202.10.00.00;40% JUGO DE UVA LIGHT DE CONCENTRADO. ENVASES DE 500 ML.. BEBDIDA DE CONSUMO HUMANO.; R-000044-2019;14/01/2019;
4819.20.00.00;ENVASE PARA ALIMENTOS CONTENEDOR 5 BIOFORM CARTÓN P1S. ENVASE PARA ALIMENTOS. ENVASE PARA ALIMENTOS; R-000044-2020;30/01/2020;
3824.99.99.99;PHYTOVIR SC. ENVASE. ACTÚA COMO PREVENTIVO Y CORRECTOR DE DEFICIENCIAS DE COBRE EN LAS PLANTAS; R-000044-2021;15/01/2021;
3808.94.99.00;EVANOL L. ENVASES DE 30, 50 Y 200 L. DESINFECTANTE PARA MANOS; R-000044-2022;2/02/2022;
3808.94.19.00;EVANOL L. ENVASES DE 1 Y 4 L. DESINFECTANTE PARA MANOS; R-000044-2022;2/02/2022;
0203.29.20.00;COSTILLA DE CERDO CONGELADO. ENVASE. CONSUMO HUMANO; R-000044-2023;17/02/2023;
2909.49.50.00;DOWANOL PNP ETER DE GLICOL. BIDONES. INDUSTRIAL; R-000045-2006;17/01/2006;
6402.99.90.00;ZAPATILLA PARA CABALLEROS MARCA NORTH STAR. PARES. USO CASUAL PARA CAMINATAS; R-000045-2008;8/01/2008;
2905.32.00.00;"""11015120 PROPYLENE GLYCOL"". LIQUIDO TRANSPARENTE. INDUSTRIA COSMETICA..."; R-000045-2010;12/04/2010;
3206.19.00.00;MASTERBATCH BLANCO PRAYAG 1288. SACOS 25 KILOS. PIGMENTO PARA LA FABRICACIÓN DE PRODUCTOS PLÁSTICOS; R-000045-2013;4/02/2013;
3206.19.00.00;¿MASTERBATCH BLANCO PS 113E¿. SACOS PLÁSTICOS DE 25 KG NETOS. MASTERBATCH PARA LA INDUSTRIA PLÁSTICA, UTILIZADO COMO MATERIA COLORANTE EN PRODUCTOS DE P; R-000045-2015;4/02/2015;
2202.10.00.00;20% JUGO DE CRANBERRY - MANZANA DE CONCENTRADO. ENVASES DE 500 ML.. BEBIDA DE CONSUMO HUMANO; R-000045-2019;14/01/2019;
2918.11.10.00;ÁCIDO DL-LÁCTICO. TAMBOR X 25 KG. EN LA INDUSTRIA ALIMENTARIA, EN PAN DE CONFITERIA Y CERVEZA; R-000045-2020;30/01/2020;
