Pregunta,Respuesta
"¿Cuáles son las especificaciones del producto 'LIMONTA SPORT'?", "'LIMONTA SPORT' se presenta en rollos de 40x4 metros y se utiliza como revestimiento de suelo para canchas deportivas."
"¿Para qué se utiliza el 'AMIORGAN'?", "'AMIORGAN' es un fertilizante de uso agrícola que se presenta en bolsas de polietileno de 25 kilos."
"¿Qué características tiene el bastón de aluminio marca ELDCARE modelo CQC03?", "El bastón de aluminio de la marca ELDCARE, modelo CQC03, tiene tres patas y se indica que es de uso médico y ortopédico."
"¿Cómo se presenta el sulfato de potasio soluble y cuál es su uso principal?", "El sulfato de potasio soluble se presenta en sacos de 25 kg y se utiliza principalmente en agricultura."
"¿Cuál es la presentación del producto 'TOBRAXONA' y su uso?", "'TOBRAXONA' se presenta en frascos de 5 ml y se utiliza para el tratamiento de inflamaciones oculares y para el tratamiento superficial de infecciones oculares."
"¿Qué tipo de producto es 'HAMBURGUESA VEGANA CONGELADA' y cómo se presenta?", "'HAMBURGUESA VEGANA CONGELADA' es un producto para consumo humano que se presenta en unidades de 120 gramos y en bolsas de cartón biodegradable conteniendo 4 unidades (480 gramos)."
"¿Para qué se utiliza el 'KANE ACE FM-41 ACRYLIC IMPACT MODIFIER' y cómo se presenta?", "'KANE ACE FM-41 ACRYLIC IMPACT MODIFIER' se utiliza para mejorar las propiedades de impacto de formulaciones rígidas de vinilo y se presenta en bolsas de 50 libras."
"¿Qué especificaciones tiene el 'AUTOHORMIGONERA AUTOCARGANTE' marca DAVINO modelo RUNNER 560.2?", "'AUTOHORMIGONERA AUTOCARGANTE' marca DAVINO modelo RUNNER 560.2 es una máquina utilizada para mezclar y transportar hormigón de manera autónoma."
"¿Cuál es la función del 'WARM PAD' y cómo se presenta?", "'WARM PAD' son almohadillas calentadoras utilizadas en la ropa, que se presentan en bolsas conteniendo 2 piezas adhesivas."
"¿Qué uso tiene el 'RAYBO 60 NORUST' y cómo se presenta?", "'RAYBO 60 NORUST' es un anticorrosivo a base de agua utilizado en revestimientos y como inhibidor de corrosión para latas sin forro. Se presenta en galones de 9.3 libras."
"¿Cuál es el origen del 'Lomo de cerdo rosbif deshuesado' y cómo se presenta?", "'Lomo de cerdo rosbif deshuesado' es de origen animal y se presenta en envase."
"¿Para qué se utiliza la 'Vitamina C 35% monofosfato' y cómo se presenta?", "'Vitamina C 35% monofosfato' se utiliza en la alimentación animal para uso veterinario y se presenta en caja de 25 kg."
"¿Cuál es la función del 'Hierro Plus' y cómo se presenta?", "'Hierro Plus' se utiliza para la profilaxis y tratamiento de anemia ferropénica en animales y se presenta como solución inyectable en frascos de vidrio de 10, 20, 50, 100 y 250 ml."
"¿Qué características tiene el 'Computador de abordo, modelo DG-512, marca Full-Mar'?", "'Computador de abordo, modelo DG-512, marca Full-Mar' es un aparato electrónico utilizado en vehículos."
"¿Para qué se utiliza el 'ThinkSmart View, terminal inalámbrico tablet, marca Lenovo'?", "'ThinkSmart View, terminal inalámbrico tablet, marca Lenovo' se utiliza como terminal para transmisión de datos y se presenta en unidades."
"¿Qué tipo de dispositivo es el 'Audífono, marca Miray, modelo AM-17BT-N' y cómo se presenta?", "'Audífono, marca Miray, modelo AM-17BT-N' es un dispositivo de audio que se presenta en unidades."
"¿Cuáles son las especificaciones de la 'Barra de sonido, marca LG, modelo SH2'?", "'Barra de sonido, marca LG, modelo SH2' es un dispositivo de audio para TV, PC, reproductores de discos Blu-Ray, DVD, etc., que se presenta en unidades."
"¿Para qué se utiliza el 'Decodificador de señales MPEG-2, marca Thomson Grass Valley, modelo DBD 4437' y cómo se presenta?", "'Decodificador de señales MPEG-2, marca Thomson Grass Valley, modelo DBD 4437' se utiliza para estaciones de TV, cable TV, cable satelital y telecomunicaciones, y se presenta en unidades."